Uploaded Image URL,Author,"Author (Last, First)",Title,Subtitle,Genre,Rating,Loaned To,Date Loaned,Borrowed From,Date Borrowed,Publisher,Status,Notes,Edition,Date Published,Length,Format,Dimensions,Weight,ISBN,Physical Location,Date Added,Date Started,Date Finished,Purchase Date,Purchase Place,Purchase Price,List Price,Google VolumeID,Favorites,Wish List,Category,Series,Volume,Quantity,Summary,Tags
,Editors of the American Heritage Dictionaries,"Dictionaries, Editors of the American Heritage",100 Words for Lovers,,Reference,0,,,,,Houghton Mifflin Harcourt,Unread,,,,,,,,9780547212579,,2014/03/02,,,,,,,9Fi-BfAGnooC,0,0,,,,,,
,Robert Michael Brown,"Brown, Robert Michael",104 Easy Projects for the Electronics Gadgeteer,,Electronics,0,,,,,Foulsham-Tab,Unread,,,,,,,,9780704200111,,2014/03/02,,,,,,,11keAAAACAAJ,0,0,,,,,,
,"Michael Predko, Myke Predko","Predko, Michael",123 Robotics Experiments for the Evil Genius,,Technology & Engineering,0,,,,,McGraw Hill Professional,Unread,,,,,,,,9780071413589,,2014/03/03,,,,,,,Qq0CVfcAktUC,0,0,,,,,,
,George Orwell,"Orwell, George",1984,A Novel,Fiction,0,,,,,Signet Classic,Unread,,,,,,,,9780451524935,,2014/04/01,,,,,,,yxv1LK5gyV4C,0,0,,,,,,
,Joseph Herman Hertz,"Hertz, Joseph Herman",A Book of Jewish Thoughts,,Jewish literature,0,,,,,National Jewish Welfare Board,Unread,,,1943/03/03,,,,,9781147075731,,2014/03/03,,,,,,,G2hIAAAAMAAJ,0,0,,,,,,Judaism
,Irene Korn,"Korn, Irene",A Celebration of Judaism in Art,,Art,0,,,,,New Line Books,Unread,,,,,,,,9781880908693,,2014/04/02,,,,,,,GLiengEACAAJ,0,0,,,,,,
,Noah BenShea,"benShea, Noah",A Compass for Healing,Finding Your Way from Emotional Pain to Peace,"Body, Mind & Spirit",0,,,,,"Health Communications, Inc.",Unread,,,,,,,,9780757305580,,2014/04/01,,,,,,,gmujAgAAQBAJ,0,0,,,,,,
,Edsger Wybe Dijkstra,"Dijkstra, Edsger Wybe",A Discipline of Programming,,Computers,0,,,,,"Pearson Education, Limited",Unread,,,,,,,,9780132158718,,2014/03/02,,,,,,,nZpQAAAAMAAJ,0,0,,,,,,CS
,George R. R. Martin,"Martin, George R. R.",A Game of Thrones,,Fiction,0,,,,,Random House LLC,Unread,,,,,,,,9780553386790,,2014/04/01,,,,,,,hXNvadj27ekC,0,0,,,,,,
,Sara Baase,"Baase, Sara",A Gift of Fire,"Social, Legal, and Ethical Issues for Computing Technology",Computers,0,,,,,"Pearson Education, Limited",Unread,,,,,,,,9780132492676,,2014/03/03,,,,,,,imcOywAACAAJ,0,0,,,,,,
,John P. Meier,"Meier, John P.",A marginal Jew,rethinking the historical Jesus. The roots of the problem and the person,Religion,0,,,,,Doubleday,Unread,,,,,,,,9780385264259,,2014/03/02,,,,,,,zODYAAAAMAAJ,0,0,,,,,,
,Terry Crowley,"Crowley, Terry",A New Bislama Dictionary,,Bislama language,0,,,,,"Institute of Pacific Studies, The University of the South Pacific",Unread,,,,,,,,9789820200906,,2014/04/01,,,,,,,ZWFkAAAAMAAJ,0,0,,,,,,
,Marquis De Laplace,"Laplace, Marquis De",A Philosophical Essay on Probabilities,,Mathematics,0,,,,,Courier Dover Publications,Unread,,,,,,,,9780486288758,,2014/03/02,,,,,,,8pG7RTaVQgoC,0,0,,,,,,
,James Joyce,"Joyce, James",A Portrait of the Artist as a Young Man,,Fiction,0,,,,,Bantam Books,Unread,,,,,,,,9780553214048,,2014/03/02,,,,,,,IoSY4uu3jPkC,0,0,,,,,,
,Kenneth E. Iverson,"Iverson, Kenneth E.",A programming language,,Reference,0,,,,,Wiley,Unread,,,,,,,,0471430145,,2014/03/02,,,,,,,zR81AAAAIAAJ,0,0,,,,,,
,Mark Priestley,"Priestley, Mark",A Science of Operations,"Machines, Logic and the Invention of Programming",Computers,0,,,,,Springer,Unread,,,,,,,,9781848825543,,2014/03/02,,,,,,,cEHmjwEACAAJ,0,0,,,,,,
,Byron Dobell,"Dobell, Byron",A Sense of history,the best writing from the pages of American heritage,United States,0,,,,,American Heritage Press,Unread,,,,,,,,9780828111751,,2014/04/01,,,,,,,BvGwAAAAIAAJ,0,0,,,,,,
,Khaled Hosseini,"Hosseini, Khaled",A Thousand Splendid Suns,,Fiction,0,,,,,Penguin,Unread,,,,,,,,9781594489501,,2014/03/02,,,,,,,uc-fS0Lkdq8C,0,0,,,,,,
,Leah P. Shollar,"Shollar, Leah P.",A Thread of Kindness,A Tzedakah Story,Fiction,0,,,,,Hachai Publications,Unread,,,,,,,,9781929628018,,2014/04/02,,,,,,,3SdGAAAACAAJ,0,0,,,,,,
,Gary Shteyngart,"Shteyngart, Gary",Absurdistan,,Fiction,0,,,,,Random House LLC,Unread,,,,,,,,9780812971675,,2014/03/26,,,,,,,AVC9cVBnxS0C,0,0,,,,,,
,"Carl S. Warren, James M. Reeve, Jonathan E. Duchac","Warren, Carl S.",Accounting Working Papers,,Business & Economics,0,,,,,Cengage South-Western,Unread,,,,,,,,9780538478540,,2014/03/09,,,,,,,Dc2dcQAACAAJ,0,0,,,,,,
,Leanda de Lisle,"Lisle, Leanda de",After Elizabeth: The Rise of James of Scotland and the ...,The Rise of James of Scotland and the Struggle for the Throne of England,Biography & Autobiography,0,,,,,Ballantine,Unread,,,,,,,,9780007126644,,2014/03/02,,,,,,,XlbJ3NcUAP4C,0,0,,,,,,
,"Gershom Gerhard Scholem, Klaus Ottmann","Scholem, Gershom Gerhard",Alchemy and kabbalah,,"Body, Mind & Spirit",0,,,,,Spring Publications,Unread,,,,,,,,9780882145662,,2014/03/03,,,,,,,rLHXAAAAMAAJ,0,0,,,,,,
,A. Cockren,"Cockren, A.",Alchemy Rediscovered and Restored,,"Body, Mind & Spirit",0,,,,,Book Tree,Unread,,,,,,,,9781585090280,,2014/03/03,,,,,,,aVrvEYAH2fwC,0,0,,,,,,
,"Mary P. Dolciani, Edwin F. Beckenbach, William Wooton","Dolciani, Mary P.",Algebra 1,,Algebra,0,,,,,Houghton Mifflin,Unread,,,,,,,,9780395279229,,2014/04/01,,,,,,,uGKcQAAACAAJ,0,0,,,,,,
,Reuven Firestone,"Firestone, Reuven",An Introduction to Islam for Jews,,Religion,0,,,,,Jewish Publication Society,Unread,,,,,,,,9780827608641,,2014/04/02,,,,,,,1cNwmAEACAAJ,0,0,,,,,,
,Chris Hankin,"Hankin, Chris",An Introduction to Lambda Calculi for Computer Scientists,,Computers,0,,,,,King's College Publications,Unread,,,,,,,,9780954300654,,2014/03/02,,,,,,,kzdmQgAACAAJ,0,0,,,,,,
,"Jesse Tilly, Eric M. Burke","Tilly, Jesse",Ant,The Definitive Guide,Computers,0,,,,,"""O'Reilly Media, Inc.""",Unread,,,,,,,,9780596001841,,2014/03/09,,,,,,,LZH44oPTxRgC,0,0,,,,,,
,Julie Klassen,"Klassen, Julie","Apothecary's Daughter, The",,Fiction,0,,,,,Baker Publishing Group,Unread,,,,,,,,9780764204807,,2014/03/26,,,,,,,9-kgmQEACAAJ,0,0,,,,,,
,Sidney Sheldon,"Sheldon, Sidney",Are You Afraid of the Dark?,,Fiction,0,,,,,HarperCollins,Unread,,,,,,,,9780061738036,,2014/03/09,,,,,,,zG9LzPTmNLgC,0,0,,,,,,
,Aaron James,"James, Aaron",Assholes,A Theory,Philosophy,0,,,,,Doubleday,Unread,,,,,,,,9780385535656,,2014/03/03,,,,,,,2cCRtgAACAAJ,0,0,,,,,,
,Nicholas Robert Michael De Lange,"Lange, Nicholas Robert Michael De",Atlas of the Jewish World,,History,0,,,,,Facts on File,Unread,,,,,,,,9780871960436,,2014/04/02,,,,,,,O9jJngEACAAJ,0,0,,,,,,
,Ayn Rand,"Rand, Ayn",Atlas Shrugged,,Fiction,0,,,,,Plume,Unread,,,,,,,,9780452011878,,2014/03/26,,,,,,,lzBpPwAACAAJ,0,0,,,,,,
,Jenny McCarthy,"McCarthy, Jenny",Baby Laughs,The Naked Truth about the First Year of Mommyhood,Family & Relationships,0,,,,,Penguin,Unread,,,,,,,,9780452287198,,2014/03/02,,,,,,,ZReHvflw_w8C,0,0,,,,,,
,Milton Steinberg,"Steinberg, Milton",Basic Judaism,,Religion,0,,,,,"Harcourt, Brace",Unread,,,,,,,,9780156106986,,2014/04/02,,,,,,,iBu5Tpc4DtcC,0,0,,,,,,
,Alan R. Miller,"Miller, Alan R.",BASIC programs for scientists and engineers,,BASIC (Computer program language),0,,,,,SYBEX,Unread,,,,,,,,9780895880734,,2014/03/02,,,,,,,Wf3uAAAAMAAJ,0,0,,,,,,
,"Andy Oram, Greg Wilson","Oram, Andy",Beautiful Code,Leading Programmers Explain How They Think,Computers,0,,,,,O'Reilly Media,Unread,,,,,,,,9780596510046,,2014/03/02,,,,,,,HKH3mgEACAAJ,0,0,,,,,,
,Agi Risko,"Risko, Agi",Beginner's Finnish,,Foreign Language Study,0,,,,,Hippocrene Books,Unread,,,,,,,,9780781810241,,2014/04/01,,,,,,,KvEvhHzjma0C,0,0,,,,,,
,Vita Daphna Arbel,"Arbel, Vita Daphna",Beholders of Divine Secrets,Mysticism and Myth in the Hekhalot and Merkavah Literature,Religion,0,,,,,SUNY Press,Unread,,,,,,,,9780791457245,,2014/03/03,,,,,,,75iOhA4iqpMC,0,0,,,,,,
,Ehud Ben-Yehuda,"Ben-Yehuda, Ehud",Ben-Yehuda's pocket English-Hebrew Hebrew-English dictionary,,,0,,,,,Pocket Books,Unread,,,,,,,,9780671782665,,2014/03/02,,,,,,,l-YH65rvFi0C,0,0,,,,,,
,Seamus Heaney,"Heaney, Seamus",Beowulf (Bilingual Edition),,Poetry,0,,,,,W. W. Norton & Company,Unread,,,,,,,,9780393320978,,2014/03/03,,,,,,,m-7crEM3A0AC,0,0,,,,,,
,"Rosemary Sassoon, Gunnlaugur S. E. Briem","Sassoon, Rosemary",Better Handwriting,,Language Arts & Disciplines,0,,,,,McGraw-Hill,Unread,,,,,,,,9780071419710,,2014/03/02,,,,,,,QJ0EAAAACAAJ,0,0,,,,,,
,Joseph Telushkin,"Telushkin, Joseph",Biblical Literacy,"The Most Important People, Events, and Ideas of the Hebrew Bible",Religion,0,,,,,HarperCollins,Unread,,,,,,,,9780688142971,,2014/03/03,,,,,,,0iFWlwEACAAJ,0,0,,,,,,
,John H. Painter,"Painter, John H.",Biology today,,Science,0,,,,,CRM Books,Unread,,,,,,,,9780876651230,,2014/03/02,,,,,,,vJFqAAAAMAAJ,0,0,,,,,,
,H.P. Lovecraft,"Lovecraft, H.P.",Bloodcurdling Tales of Horror and the Macabre: The Best of H. P. Lovecraft,,Fiction,0,,,,,Random House LLC,Unread,,,,,,,,9780345463296,,2014/04/01,,,,,,,fZRnpV521IcC,0,0,,,,,,
,Sidney Sheldon,"Sheldon, Sidney",Bloodline,,Fiction,0,,,,,Grand Central Publishing,Unread,,,,,,,,9780446357449,,2014/04/01,,,,,,,BPXp6b8d7YYC,0,0,,,,,,
,P. m,"m, P.",Bolo'Bolo,,Art,0,,,,,Autonomedia,Unread,,,,,,,,9781570272417,,2014/03/03,,,,,,,JsxNpwAACAAJ,0,0,,,,,,
,Jonathan Carroll,"Carroll, Jonathan",Bones of the Moon,,Fiction,0,,,,,Tom Doherty Associates,Unread,,,,,,,,9780312873127,,2014/03/26,,,,,,,fBy9mAEACAAJ,0,0,,,,,,
,Marshall Lee,"Lee, Marshall",Bookmaking,"Editing, Design, Production",Design,0,,,,,W W Norton & Company Incorporated,Unread,,,,,,,,9780393732962,,2014/04/01,,,,,,,M4CROwAACAAJ,0,0,,,,,,
,Robert D. Putnam,"Putnam, Robert D.",Bowling Alone,The Collapse and Revival of American Community,History,0,,,,,Simon and Schuster,Unread,,,,,,,,9780743203043,,2014/03/26,,,,,,,rd2ibodep7UC,0,0,,,,,,
,"Kenneth Clarkson, Roger Miller, Frank Cross","Clarkson, Kenneth","Business Law: Text and Cases: Legal, Ethical, Global, and Corporate Environment",,Business & Economics,0,,,,,Cengage Learning,Unread,,,,,,,,9780538470827,,2014/04/01,,,,,,,Is-O46iiMTAC,0,0,,,,,,
,Steve Oualline,"Oualline, Steve",C Elements of Style,The Programmer's Style Manual for Elegant C and C++ Programs,Computers,0,,,,,M&T Books,Unread,,,,,,,,9781558512917,,2014/03/02,,,,,,,LLKAkgEACAAJ,0,0,,,,,,
,"Bob Miller, Robert Miller","Miller, Bob",Calc I,,Calculus,0,,,,,McGraw-Hill,Unread,,,,,,,,9780070434080,,2014/04/01,,,,,,,MYSU9oLeFs0C,0,0,,,,,,
,Michael Spivak,"Spivak, Michael",Calculus,,,0,,,,,Publish or Perish,Unread,,,,,,,,9780914098911,,2014/03/02,,,,,,,6jNLPwAACAAJ,0,0,,,,,,
,"William L. Briggs, Lyle Cochran","Briggs, William L.",Calculus,Early Transcendentals,Mathematics,0,,,,,ADDISON WESLEY Publishing Company Incorporated,Unread,,,,,,,,9780321570567,,2014/03/02,,,,,,,TTOzPwAACAAJ,0,0,,,,,,
,Voltaire,Voltaire,Candide,A Dual-language Book,Fiction,0,,,,,Courier Dover Publications,Unread,,,,,,,,9780486276250,,2014/03/02,,,,,,,FjLWju3FBrAC,0,0,,,,,,
,Anita Diamant,"Diamant, Anita",Choosing a Jewish Life,A Handbook for People Converting to Judaism and for Their Family and Friends,Religion,0,,,,,Random House LLC,Unread,,,,,,,,9780805210958,,2014/03/03,,,,,,,hMzjgrvB7AMC,0,0,,,,,,
,Herman Melville,"Melville, Herman",Clarel,A Poem and Pilgrimage in the Holy Land,Literary Criticism,0,,,,,Northwestern University Press,Unread,,,,,,,,9780810125407,,2014/03/03,,,,,,,uwJ_7a2pIGsC,0,0,,,,,,
,Aaron Hillegass,"Hillegass, Aaron",Cocoa Programming for Mac OS X,,Computers,0,,,,,Addison-Wesley,Unread,,,,,,,,9780321213143,,2014/03/02,,,,,,,b8baAAAAMAAJ,0,0,,,,,,
,Charles Petzold,"Petzold, Charles",Code,the hidden language of computer hardware and software,Computers,0,,,,,Microsoft Press,Unread,,,,,,,,9780735611313,,2014/03/02,,,,,,,gYlQAAAAMAAJ,0,0,,,,,,
,Diomidis Spinellis,"Spinellis, Diomidis",Code Reading,The Open Source Perspective,Computers,0,,,,,Addison-Wesley Professional,Unread,,,,,,,,9780201799408,,2014/03/02,,,,,,,pqw2U-lI5lwC,0,0,,,,,,
,Lisa Jackson,"Jackson, Lisa",Cold Blooded,,Fiction,0,,,,,Zebra Books,Unread,,,,,,,,9780821769348,,2014/03/02,,,,,,,d2C_BadQGIwC,0,0,,,,,,
,Daniel Mario Abondolo,"Abondolo, Daniel Mario",Colloquial Finnish,The Complete Course for Beginners,Foreign Language Study,0,,,,,Psychology Press,Unread,,,,,,,,9780415113892,,2014/04/01,,,,,,,1nfnjhQN4uwC,0,0,,,,,,
,"Zippi Lyttleton, Tamar Wang","Lyttleton, Zippi",Colloquial Hebrew,The Complete Course for Beginners,,0,,,,,Routledge,Unread,,,,,,,,9780415240505,,2014/03/03,,,,,,,3d6nnQEACAAJ,0,0,,,,,,
,Michael Spivak,"Spivak, Michael","Combined Answer Book for Calculus, Third and Fourth Editions",,,0,,,,,Publish or Perish,Unread,,,,,,,,9780914098928,,2014/03/02,,,,,,,CDy7tgAACAAJ,0,0,,,,,,
,Judith Martin,"Martin, Judith",Common courtesy,in which Miss Manners solves the problem that baffled Mr. Jefferson,Reference,0,,,,,Atheneum,Unread,,,,,,,,9780689116520,,2014/04/01,,,,,,,Soeg_N-erYwC,0,0,,,,,,
,Guy L. Steele,"Steele, Guy L.",COMMON LISP,The Language,Computers,0,,,,,Digital Press,Unread,,,,,,,,9781555580414,,2014/03/02,,,,,,,FYoOIWuoXUIC,0,0,,,,,,
,"Nosson Scherman, Meir Zlotowitz","Scherman, Nosson",Complete ArtScroll siddur,,Judaism - Liturgy - Texts,0,,,,,Mesorah Publications,Unread,,,,,,,,9780899066509,,2014/04/02,,,,,,,gPARAQAAIAAJ,0,0,,,,,,
,"Jan van Eijck, Christina Unger","Eijck, Jan van",Computational Semantics with Functional Programming,,Computers,0,Tyler Cecil,,,,Cambridge University Press,Unread,,,,,,,,9781139490900,,2014/04/01,,,,,,,LLELhCq2L1IC,0,0,,,,,,
,"Michael R. Garey, D. S. Johnson","Garey, Michael R.",Computers and Intractability,A Guide to the Theory of NP-Completeness,Computers,0,,,,,W. H. Freeman,Unread,,,,,,,,9780716710455,,2014/03/03,,,,,,,fjxGAQAAIAAJ,0,0,,,,,,
,Dagobert David Runes,"Runes, Dagobert David",Concise Dictionary of Judaism,,Religion,0,,,,,"Greenwood Publishing Group, Incorporated",Unread,,,,,,,,9780837121093,,2014/04/02,,,,,,,_tnHQgAACAAJ,0,0,,,,,,
,John H. Reppy,"Reppy, John H.",Concurrent Programming in ML,,Computers,0,,,,,Cambridge University Press,Unread,,,,,,,,9780521714723,,2014/03/02,,,,,,,V_0CCK8wcJUC,0,0,,,,,,
,Neil Gillman,"Gillman, Neil",Conservative Judaism: The New Century,,,0,,,,,,Unread,,,,,,,,,,2014/04/02,,,,,,,J0U-JxuuuKYC,0,0,,,,,,
,Randy M. Kaplan,"Kaplan, Randy M.",Constructing language processors for little languages,,Computers,0,,,,,Wiley,Unread,,,,,,,,9780471597537,,2014/03/02,,,,,,,b6VQAAAAMAAJ,0,0,,,,,,
,"Joe Grimes, Barbara F. Grimes, Wycliffe Bible Translators","Grimes, Joe",Da Jesus Book,,Hawaii Creole English language,0,,,,,Wycliffe Bible Translators,Unread,,,,,,,,9780938978213,,2014/03/02,,,,,,,yKgQAQAAIAAJ,0,0,,,,,,
,Lao-tzu,Lao-tzu,Dao de Jing,,Philosophy,0,,,,,Hackett Publishing,Unread,,,,,,,,9780872202320,,2014/03/03,,,,,,,7dVZ_avGb-0C,0,0,,,,,,
,Staley Krause,"Krause, Staley",Death And Damnation,,,0,,,,,White Wolf,Unread,,,,,,,,,,2014/03/26,,,,,,,,0,0,,,,,,
,Patrick M. Lencioni,"Lencioni, Patrick M.",Death by Meeting,A Leadership Fable...About Solving the Most Painful Problem in Business,Business & Economics,0,,,,,Wiley,Unread,,,,,,,,9780787968052,,2014/04/01,,,,,,,Ke27NAEACAAJ,0,0,,,,,,
,"Christopher Collier, James Lincoln Collier","Collier, Christopher",Decision in Philadelphia,The Constitutional Convention of 1787,History,0,,,,,Ballantine Books,Unread,,,,,,,,9780345346520,,2014/04/01,,,,,,,elX_nQEACAAJ,0,0,,,,,,
,Lisa Jackson,"Jackson, Lisa",Deep Freeze,,Fiction,0,,,,,Kensington Publishing Corp.,Unread,,,,,,,,9781420114362,,2014/03/02,,,,,,,2SP_candIDcC,0,0,,,,,,
,Hermann Hesse,"Hesse, Hermann",Demian,,Fiction,0,,,,,HarperCollins,Unread,,,,,,,,9780060931919,,2014/03/09,,,,,,,FfuQqy6FQEoC,0,0,,,,,,
,"Richard Mitchell, Jim McKim","Mitchell, Richard","Design by contract, by example",,Computers,0,,,,,Addison Wesley,Unread,,,,,,,,9780201634600,,2014/03/02,,,,,,,ztEgAQAAIAAJ,0,0,,,,,,
,"Alan Shalloway, James Trott","Shalloway, Alan",Design Patterns Explained,A New Perspective on Object-oriented Design,Computers,0,,,,,Addison-Wesley Professional,Unread,,,,,,,,9780201715941,,2014/03/02,,,,,,,JPOaP7cyk6wC,0,0,,,,,,
,Carl G. Liungman,"Liungman, Carl G.",Dictionary of Symbols,,"Body, Mind & Spirit",0,,,,,Norton,Unread,,,,,,,,9780393312362,,2014/03/03,,,,,,,NHJUnZlGRooC,0,0,,,,,,
,René Descartes,"Descartes, René",Discourse on the method of rightly conducting one's reason and of seeking truth in the sciences,,Methodology,0,,,,,Hackett Pub. Co.,Unread,,,,,,,,9780915144839,,2014/03/03,,,,,,,-SIQAQAAIAAJ,0,0,,,,,,
,Veronica Roth,"Roth, Veronica",Divergent,,Juvenile Fiction,0,,,,,HarperCollins,Unread,,,,,,,,9780062024039,,2014/04/01,,,,,,,-TUinwEACAAJ,0,0,,,,,,
,Bob Stayton,"Stayton, Bob",DocBook XSL,The Complete Guide,Computers,0,,,,,Lightning Source Incorporated,Unread,,,,,,,,9780974152134,,2014/03/27,,,,,,,2-NRnwEACAAJ,0,0,,,,,,
,Helen Gaspard,"Gaspard, Helen",Doctor Dan the Bandage Man,,Juvenile Fiction,0,,,,,Random House Children's Books,Unread,,,,,,,,9780375828805,,2014/04/01,,,,,,,OA0HngEACAAJ,0,0,,,,,,
,"Miguel de Cervantes Saavedra, Charles William Eliot","Saavedra, Miguel de Cervantes",Don Quixote,The First Part of the Delightful History of the Most Ingenious Knight Don Quixote of the Mancha,Spanish fiction,0,,,,,P. F. Collier,Unread,,,,,,,,,,2014/04/01,,,,,,,7n8EAAAAYAAJ,0,0,,,,,,
,"Susie Martinez, Vanda Howell, Bonnie Garcia","Martinez, Susie",Don't Panic--Dinner's in the Freezer,Great-Tasting Meals You Can Make Ahead,Cooking,0,,,,,Revell,Unread,,,,,,,,9780800730550,,2014/04/01,,,,,,,sCqVEK5J78MC,0,0,,,,,,
,Michal Bali,"Bali, Michal",Drools Jboss Rules 5.0 Developer's Guide,Develop Rules-based Business Logic Using the Drools Platform,Computers,0,,,,,Packt Pub. Limited,Unread,,,,,,,,9781847195647,,2014/04/01,,,,,,,T3tsnAEACAAJ,0,0,,,,,,
,"Stéphane Ducasse, Lukas Renggli, C. David Shaffer, Rick Zaccone with Michael Davies","Davies, Stéphane Ducasse, Lukas Renggli, C. David Shaffer, Rick Zaccone with Michael",Dynamic Web Development with Seaside,,Open source software,0,,,,,Square Bracket Associates,Unread,,,,,,,,9783952334119,,2014/03/02,,,,,,,4tri6zluHnAC,0,0,,,,,,
,James E. Neal,"Neal, James E.",Effective Phrases for Performance Appraisals,A Guide to Successful Evaluations,Business & Economics,0,,,,,Neal Publications,Unread,,,,,,,,9781882423101,,2014/04/01,,,,,,,WpPgAAAAMAAJ,0,0,,,,,,
,Bertrand Meyer,"Meyer, Bertrand",Eiffel,the language,Computers,0,,,,,Prentice Hall,Unread,,,,,,,,9780132479257,,2014/03/02,,,,,,,06RQAAAAMAAJ,0,0,,,,,,
,"Dennis Prager, Joseph Telushkin","Prager, Dennis",Eight Questions People Ask about Judaism,,Orthodox Judaism,0,,,,,Tze Ulmad Press,Unread,,,,,,,,,,2014/04/02,,,,,,,ofxCAAAAIAAJ,0,0,,,,,,
,H. Jerome Keisler,"Keisler, H. Jerome",Elementary Calculus,An Infinitesimal Approach,Mathematics,0,,,,,Courier Dover Publications,Unread,,,,,,,,9780486484525,,2014/04/01,,,,,,,eo_u18h2REIC,0,0,,,,,,
,"Thomas M. Cover, Joy A. Thomas","Cover, Thomas M.",Elements of Information Theory,,Computers,0,,,,,Wiley,Unread,,,,,,,,9780471241959,,2014/03/02,,,,,,,8pC0NAEACAAJ,0,0,,,,,,
,Jeffrey D. Ullman,"Ullman, Jeffrey D.",Elements of ML Programming,ML 97 Edition,Computers,0,,,,,Prentice-Hall International,Unread,,,,,,,,9780137903870,,2014/03/02,,,,,,,KIUsQQAACAAJ,0,0,,,,,,
,"Alexander A. Stepanov, Paul McJones","Stepanov, Alexander A.",Elements of Programming,,Computers,0,Randy VanWhy,,,,Addison-Wesley Professional,Unread,,,,,,,,9780321635372,,2014/04/01,,,,,,,tjOlkl7ecVQC,0,0,,,,,,
,Simcha Kling,"Kling, Simcha",Embracing Judaism,,Religion,0,,,,,Rabbinical Assembly,Unread,,,,,,,,9780916219154,,2014/03/03,,,,,,,MIvLPQAACAAJ,0,0,,,,,,
,Jane Austen,"Austen, Jane",Emma,,England,0,,,,,Bantam Books,Unread,,,,,,,,9780553212730,,2014/04/01,,,,,,,nZ0boBNEoCMC,0,0,,,,,,
,Isaac Bashevis Singer,"Singer, Isaac Bashevis",Enemies,A Love Story,,0,,,,,Random House Publishing Group,Unread,,,,,,,,9780449240656,,2014/04/02,,,,,,,Y2JXPwAACAAJ,0,0,,,,,,
,"Keith D. Cooper, Linda Torczon","Cooper, Keith D.",Engineering a Compiler,,Computers,0,,,,,Elsevier,Unread,,,,,,,,9781558606982,,2014/03/02,,,,,,,4yVQFVvsBNAC,0,0,,,,,,
,B. C. Sexton,"Sexton, B. C.",English Interlingua,A Basic Vocabulary,English language,0,,,,,British Interlingua Society,Unread,,,,,,,,,,2014/04/01,,,,,,,qPcTPAAACAAJ,0,0,,,,,,
,"David L. Lieber, Jules Harlow, United Synagogue of Conservative Judaism","Lieber, David L.",Etz Hayim,Torah and commentary,Religion,0,,,,,Jewish Publication Society,Unread,,,,,,,,9780827607125,,2014/03/03,,,,,,,i1gKAQAAMAAJ,0,0,,,,,,
,"Euclid, Dana Densmore",Euclid,Euclid's Elements,all thirteen books complete in one volume : the Thomas L. Heath translation,Mathematics,0,,,,,Green Lion Press,Unread,,,,,,,,9781888009187,,2014/03/02,,,,,,,nc1UAAAAYAAJ,0,0,,,,,,
,E. Alan Morinis,"Morinis, E. Alan",Everyday Holiness,,Jewish ethics,0,,,,,Shambhala Publications,Unread,,,,,,,,9780834822214,,2014/03/03,,,,,,,1yEL1YUaL1YC,0,0,,,,,,
,Melinda Ribner,"Ribner, Melinda",Everyday Kabbalah,"A Practical Guide to Jewish Meditation, Healing and Personal Growth",Religion,0,,,,,Citadel Press,Unread,,,,,,,,9780806519807,,2014/03/03,,,,,,,B0ivNuq93ncC,0,0,,,,,,
,"Jerry Bock, Joseph Stein, Sheldon Harnick, Sholem Aleichem","Bock, Jerry",Fiddler on the Roof,,Drama,0,,,,,Hal Leonard Corporation,Unread,,,,,,,,9781617744440,,2014/03/03,,,,,,,hl771abfMqsC,0,0,,,,,,
,Frederick Mosteller,"Mosteller, Frederick",Fifty Challenging Problems in Probability with Solutions,,Mathematics,0,,,,,Courier Dover Publications,Unread,,,,,,,,9780486653556,,2014/03/02,,,,,,,sQr5AAAAQBAJ,0,0,,,,,,
,E. L. James,"James, E. L.",Fifty Shades Freed,,Fiction,0,,,,,Random House LLC,Unread,,,,,,,,9780345803504,,2014/03/02,,,,,,,bfZrvjLVJgIC,0,0,,,,,,
,Arthur Quinn,"Quinn, Arthur",Figures of Speech,60 Ways to Turn a Phrase,Language Arts & Disciplines,0,,,,,G.M. Smith,Unread,,,,,,,,9780879051211,,2014/04/01,,,,,,,yVaKMQEACAAJ,0,0,,,,,,
,Catherine Hall Myrowitz,"Myrowitz, Catherine Hall",Finding a Home for the Soul,Interviews With Converts to Judaism,Religion,0,,,,,Jason Aronson Incorporated,Unread,,,,,,,,9781568213224,,2014/03/02,,,,,,,mc3XAAAAMAAJ,0,0,,,,,,
,Charles H. George,"George, Charles H.",Five hundred years of revolution,European radicals from Hus to Lenin,Political Science,0,,,,,Charles H. Kerr Publishing Company,Unread,,,,,,,,9780882862415,,2014/03/02,,,,,,,57APAQAAMAAJ,0,0,,,,,,
,Edwin Abbott Abbott,"Abbott, Edwin Abbott",Flatland,A Romance of Many Dimensions,Fiction,0,,,,,Courier Dover Publications,Unread,,,,,,,,9780486272634,,2014/03/03,,,,,,,Q1Sjj3K5sdYC,0,0,,,,,,
,Mihaly Csikszent,"Csikszent, Mihaly",Flow,,Psychology,0,,,,,HarperCollins,Unread,,,,,,,,9780060920432,,2014/03/03,,,,,,,v2AVz3gf-F4C,0,0,,,,,,
,Marcus L. Rowland,"Rowland, Marcus L.",Forgotten Futures,The Scientific Romance Role Playing Game,Games,0,,,,,HELIOGRAPH Incorporated,Unread,,,,,,,,9780966892628,,2014/04/01,,,,,,,bCcNAAAACAAJ,0,0,,,,,,
,Isaac Asimov,"Asimov, Isaac",Foundation and Earth,,Fiction,0,,,,,Random House LLC,Unread,,,,,,,,9780553900941,,2014/03/09,,,,,,,mux79xoHSAIC,0,0,,,,,,
,Isaac Asimov,"Asimov, Isaac",Foundation's Edge,,Life on other planets,0,,,,,Ballantine,Unread,,,,,,,,9780345308986,,2014/03/02,,,,,,,Ny0Hfqyf0HIC,0,0,,,,,,
,Octopus Publishing Group,"Group, Octopus Publishing",Fresh Indian Dutch,,,0,,,,,Octopus Publishing Group,Unread,,,,,,,,9780600613893,,2014/04/01,,,,,,,H4iIAAAACAAJ,0,0,,,,,,
,"Pieter H. Hartel, Henk Muller","Hartel, Pieter H.",Functional C,,C (Computer program language),0,,,,,Addison-Wesley,Unread,,,,,,,,9780201419504,,2014/04/01,,,,,,,G1sZAQAAIAAJ,0,0,,,,,,
,Bruce J. MacLennan,"MacLennan, Bruce J.",Functional programming,Practice And Theory,Computers,0,,,,,ADDISON WESLEY Publishing Company Incorporated,Unread,,,,,,,,9780201137446,,2014/03/02,,,,,,,JqhQAAAAMAAJ,0,0,,,,,,
,"Neil Howe, William Strauss","Howe, Neil",Generations,"The History of America's Future, 1584 to 2069",History,0,,,,,HarperCollins,Unread,,,,,,,,9780688119126,,2014/03/26,,,,,,,SHvH16kjW-UC,0,0,,,,,,
,Edward Kohn,"Kohn, Edward",Geometry Quick Review,,,0,,,,,Cliffs Notes,Unread,,,,,,,,9780822053286,,2014/03/02,,,,,,,oadRAG324rUC,0,0,,,,,,
,"Richard M. Stallman, Roland McGrath","Stallman, Richard M.",GNU make,a program for directing recompilation : GNU make version 3.79.1,GNU Emacs,0,,,,,Free Software Foundation,Unread,,,,,,,,9781882114825,,2014/03/09,,,,,,,DzKD10HuuRkC,0,0,,,,,,
,Peter Shotwell,"Shotwell, Peter",GO! More Than a Game,,Games,0,,,,,Tuttle Publishing,Unread,,,,,,,,9780804834759,,2014/03/02,,,,,,,I7Z0PRuhIvUC,0,0,,,,,,
,Martin Buber,"Buber, Martin",Good and Evil,,Philosophy,0,,,,,"Peter Smith Publisher, Incorporated",Unread,,,,,,,,9780844661216,,2014/04/02,,,,,,,5IHCAAAACAAJ,0,0,,,,,,
,"Miles V. Van Pelt, Gary Davis Pratico","Pelt, Miles V. Van",Graded Reader of Biblical Hebrew,A Guide to Reading the Hebrew Bible,Bibles,0,,,,,Zondervan Books,Unread,,,,,,,,9780310251576,,2014/03/03,,,,,,,1K3sAAAACAAJ,0,0,,,,,,
,Jeremy Campbell,"Campbell, Jeremy",Grammatical Man,"Information, Entropy, Language, and Life",Reference,0,,,,,Simon and Schuster,Unread,,,,,,,,9780671440626,,2014/03/02,,,,,,,HAVQPgAACAAJ,0,0,,,,,,
,Kaplan,Kaplan,GRE exam,comprehensive program,Educational tests and measurements,0,,,,,Kaplan,Unread,,,,,,,,9781419541926,,2014/04/01,,,,,,,eSg9EUKcoBwC,0,0,,,,,,
,Carlos de la Guardia,"Guardia, Carlos de la",Grok 1.0 Web Development,"Create Flexible, Agile Web Applications Using the Power of Grok'a Python Web Framework",Computers,0,,,,,"Packt Publishing, Limited",Unread,,,,,,,,9781847197481,,2014/03/09,,,,,,,-q_UPwAACAAJ,0,0,,,,,,
,Steven K. Baum,"Baum, Steven K.",Growing Up at Any Age,How to Know When True Adulthood Arrives,Psychology,0,,,,,"Health Communications, Incorporated",Unread,,,,,,,,9781558742925,,2014/03/02,,,,,,,6FgwAAAACAAJ,0,0,,,,,,
,Terry Pratchett,"Pratchett, Terry",Guards! Guards!,,Fiction,0,,,,,HarperCollins,Unread,,,,,,,,9780061804793,,2014/03/09,,,,,,,ijGqzhDD2Q0C,0,0,,,,,,
,Tim Bete,"Bete, Tim",Guide to Pirate Parenting,"Why You Should Raise Your Kids As Pirates, and 101 Tips on How to Do It",Humor,0,,,,,Blu Sky Media Group,Unread,,,,,,,,9781583852910,,2014/04/01,,,,,,,hpr2PgAACAAJ,0,0,,,,,,
,Stephen H. Dole,"Dole, Stephen H.",Habitable Planets for Man,,Science,0,,,,,RAND Corporation,Unread,,,,,,,,9780833042279,,2014/03/02,,,,,,,-vPkHgAACAAJ,0,0,,,,,,
,Jackie Hardy,"Hardy, Jackie",Haiku,,Poetry,0,,,,,C. E. Tuttle,Unread,,,,,,,,9780804834742,,2014/03/09,,,,,,,hMIwAittUpYC,0,0,,,,,,
,J. K. Rowling,"Rowling, J. K.",Harrius Potter Et Camera Secretorum,(Harry Potter and the Chamber of Secrets),Fiction,0,,,,,Bloomsbury USA,Unread,,,,,,,,9781599900674,,2014/03/02,,,,,,,_lkvAAAACAAJ,0,0,,,,,,
,J. K. Rowling,"Rowling, J. K.",Harry Potter and the Deathly Hallows,,Juvenile Fiction,0,,,,,Arthur A. Levine Books,Unread,,,,,,,,9780545010221,,2014/04/01,,,,,,,GZAoAQAAIAAJ,0,0,,,,,,
,"Stefan Petrucha, Seth Lindberg, Allen Rausch, Rick Chillot","Petrucha, Stefan",Haunting the Dead,,Fiction,0,,,,,Psi,Unread,,,,,,,,9781588468376,,2014/03/09,,,,,,,qU4rPQAACAAJ,0,0,,,,,,
,Mitch Albom,"Albom, Mitch",Have a Little Faith,A True Story,"Body, Mind & Spirit",0,,,,,Hyperion Books,Unread,,,,,,,,9781401310462,,2014/03/02,,,,,,,bJXASgAACAAJ,0,0,,,,,,
,Glen Van Brummelen,"Brummelen, Glen Van",Heavenly Mathematics,The Forgotten Art of Spherical Trigonometry,Mathematics,0,,,,,Princeton University Press,Unread,,,,,,,,9780691148922,,2014/03/02,,,,,,,0BCCz8Sx5wkC,0,0,,,,,,
,Neil Asher Silberman,"Silberman, Neil Asher",Heavenly Powers,Unraveling the Secret of the Kabbalah,"Body, Mind & Spirit",0,,,,,Book Sales,Unread,,,,,,,,9780785813248,,2014/03/03,,,,,,,EHGz2oys6HkC,0,0,,,,,,
,Pimsleur Language Programs,"Programs, Pimsleur Language",Hebrew,The Short Course,,0,,,,,Recorded Books,Unread,,,,,,,,,,2014/03/03,,,,,,,ZWvASgAACAAJ,0,0,,,,,,
,"Bernard Evslin, Dorothy Evslin, Ned Hoopes","Evslin, Bernard",Heroes and Monsters of Greek Myth,,Religion,0,,,,,Scholastic Inc.,Unread,,,,,,,,9780590434409,,2014/03/26,,,,,,,ROGpYHHYlJkC,0,0,,,,,,
,Nahum Norbert Glatzer,"Glatzer, Nahum Norbert",Hillel the Elder,The Emergence of Classical Judaism,Religion,0,,,,,B'nai B'rith Hillel Foundations,Unread,,,,,,,,,,2014/04/02,,,,,,,yrYdAAAAMAAJ,0,0,,,,,,
,"Max Leopold Margolis, Alexander Marx","Margolis, Max Leopold",History of the Jewish People,,Jews,0,,,,,Varda Books,Unread,,,,,,,,9781590453001,,2014/04/02,,,,,,,-ODNRzNv2w4C,0,0,,,,,,
,Paul Johnson,"Johnson, Paul",History of the Jews,,Electronic books,0,,,,,HarperCollins,Unread,,,,,,,,9780061828096,,2014/03/03,,,,,,,ecpxpxl40PYC,0,0,,,,,,
,Janna Levin,"Levin, Janna",How the Universe Got Its Spots,Diary of a Finite Time in a Finite Space,Science,0,,,,,Random House LLC,Unread,,,,,,,,9781400032723,,2014/03/02,,,,,,,aBC9itinb1wC,0,0,,,,,,
,Simon Barnes,"Barnes, Simon",How To Be A Bad Birdwatcher,,Nature,0,,,,,Pantheon Books,Unread,,,,,,,,9780375423550,,2014/03/03,,,,,,,a1AgAQAAIAAJ,0,0,,,,,,
,"Stuart Berg Flexner, Reader's Digest","Flexner, Stuart Berg",How to Increase Your Word Power,,Language Arts & Disciplines,0,,,,,Writer's Digest Books,Unread,,,,,,,,9780898792928,,2014/03/09,,,,,,,L4MjBeniP4MC,0,0,,,,,,
,David Straus,"Straus, David",How to Make Meetings Work,The New Interaction Method,Communication in organizations,0,,,,,Jove Books,Unread,,,,,,,,9780515083088,,2014/03/09,,,,,,,hr5uPwAACAAJ,0,0,,,,,,
,Nigel Stillman,"Stillman, Nigel",How to Make Wargames Terrain,,Fantasy games,0,,,,,"Games Workshop, Limited",Unread,,,,,,,,9781872372440,,2014/03/02,,,,,,,pWGSAAAACAAJ,0,0,,,,,,
,Daniel J. Velleman,"Velleman, Daniel J.",How to Prove It,A Structured Approach,Mathematics,0,,,,,Cambridge University Press,Unread,,,,,,,,9780521675994,,2014/03/02,,,,,,,lptwaMuAtBAC,0,0,,,,,,
,Marc Zvi Brettler,"Brettler, Marc Zvi",How to read the Jewish Bible,,Religion,0,,,,,"Oxford University Press, Incorporated",Unread,,,,,,,,9780195325225,,2014/03/03,,,,,,,4EYSAQAAIAAJ,0,0,,,,,,
,HP,HP,HP 50G Graphing Calculator,User's Manual,Calculus,0,,,,,HP Invent,Unread,,,,,,,,,,2014/03/09,,,,,,,PpiTtgAACAAJ,0,0,,,,,,
,Douglas R. Hofstadter,"Hofstadter, Douglas R.",I Am a Strange Loop,,Philosophy,0,,,,,Perseus Distribution,Unread,,,,,,,,9780465030798,,2014/04/01,,,,,,,B3uSmAEACAAJ,0,0,,,,,,
,"Martín Buber, Walter Arnold Kaufmann","Buber, Martín",I and Thou,,Life,0,,,,,Scribner,Unread,,,,,,,,9780684155753,,2014/04/02,,,,,,,kvZh8osJz3MC,0,0,,,,,,
,Isaac Asimov,"Asimov, Isaac",I.Asimov,A Memoir,Fiction,0,,,,,Random House LLC,Unread,,,,,,,,9780307573537,,2014/03/02,,,,,,,mATFyeVI7IUC,0,0,,,,,,
,Sarah Perry,"Perry, Sarah",If ...,,,0,,,,,L & S Publishing.,Unread,,,,,,,,9780892363216,,2014/03/03,,,,,,,_zjENAEACAAJ,0,0,,,,,,
,K. Linda Kivi,"Kivi, K. Linda",If Home is a Place,,Fiction,0,,,,,Polestar,Unread,,,,,,,,9781896095028,,2014/03/26,,,,,,,DnxWngEACAAJ,0,0,,,,,,
,Lyle Daggett,"Daggett, Lyle",If There Is A Song,,American poetry,0,,,,,Red Dragonfly Press,Unread,,,,,,,,,,2014/03/26,,,,,,,,0,0,,,,,,
,Yonah Weinrib,"Weinrib, Yonah",Illuminted Pirkei Avos,,Jewish illumination of books and manuscripts,0,,,,,Mesorah Publications in conjunction with Judaica Illuminations,Unread,,,,,,,,9781578197729,,2014/04/02,,,,,,,AIIRAQAAIAAJ,0,0,,,,,,
,Graham Johnson,"Johnson, Graham",Images You Should Not Masturbate To,,Humor,0,,,,,Penguin Group (USA) Incorporated,Unread,,,,,,,,9780399536496,,2014/03/26,,,,,,,1-lbNQEACAAJ,0,0,,,,,,
,"Dwight Myers, Carol Myers","Myers, Dwight",In Celebration of the Book,Literary New Mexico,Bibliography,0,,,,,New Mexico Book League,Unread,,,,,,,,9780890160633,,2014/04/02,,,,,,,wKjhAAAACAAJ,0,0,,,,,,
,David Wessel,"Wessel, David",In Fed We Trust,Ben Bernanke's War on the Great Panic,Business & Economics,0,,,,,Random House LLC,Unread,,,,,,,,9780307459695,,2014/03/09,,,,,,,oPbnkFkp5CMC,0,0,,,,,,
,Phillip Stanley-Marbell,"Stanley-Marbell, Phillip",Inferno Programming with Limbo,,Computers,0,,,,,Wiley,Unread,,,,,,,,9780470843529,,2014/03/02,,,,,,,eshQAAAAMAAJ,0,0,,,,,,
,"Ingri D'Aulaire, Edgar Parin D'Aulaire","D'Aulaire, Ingri",Ingri and Edgar Parin D'Aulaire's Book of Greek Myths,,"Mythology, Greek",0,,,,,Random House LLC,Unread,,,,,,,,9780440406945,,2014/03/03,,,,,,,DGZJoCHvPqUC,0,0,,,,,,
,F. P. Gopsill,"Gopsill, F. P.",Interlingua Today,A Course for Beginners,Interlingua (International Auxiliary Language Association),0,,,,,British Interlingua Society,Unread,,,,,,,,9781898017011,,2014/04/01,,,,,,,2oYiAAAACAAJ,0,0,,,,,,
,D. Franklin Wright,"Wright, D. Franklin",Intermediate Algebra,,Algebra,0,,,,,Hawkes Pub.,Unread,,,,,,,,9780918091819,,2014/04/01,,,,,,,v-RnRAAACAAJ,0,0,,,,,,
,"D. Franklin Wright, Quant Systems Quant Systems","Wright, D. Franklin",Intermediate Algebra 6th Ed Text Soft,,,0,,,,,Hawkes Learning Systems,Unread,,,,,,,,9781932628432,,2014/03/09,,,,,,,fuVwPgAACAAJ,0,0,,,,,,
,Ziauddin Sardar,"Sardar, Ziauddin",Introducing Chaos,,Science,0,,,,,"Icon Books, Limited",Unread,,,,,,,,9781840460780,,2014/03/26,,,,,,,JA8PAAAACAAJ,0,0,,,,,,
,Thomas H Cormen,"Cormen, Thomas H",Introduction To Algorithms,,Computers,0,,,,,MIT Press,Unread,,,,,,,,9780262032933,,2014/03/09,,,,,,,NLngYyWFl_YC,0,0,,,,,,
,"Axel T. Schreiner, H. George Friedman","Schreiner, Axel T.",Introduction to compiler construction with UNIX,,Computers,0,,,,,Prentice Hall,Unread,,,,,,,,9780134743967,,2014/03/02,,,,,,,XkeqBcp3DvAC,0,0,,,,,,
,Moshe Greenberg,"Greenberg, Moshe",Introduction to Hebrew,,Hebrew language,0,,,,,Prentice-Hall,Unread,,,,,,,,9780134844695,,2014/03/03,,,,,,,GukNAAAAYAAJ,0,0,,,,,,
,Gary Chartrand,"Chartrand, Gary",Introductory Graph Theory,,Mathematics,0,,,,,Courier Dover Publications,Unread,,,,,,,,9780486247755,,2014/03/02,,,,,,,rYuToT7vHbMC,0,0,,,,,,
,"Joan Welkowitz, Barry H. Cohen, R. Brooke Lea","Welkowitz, Joan",Introductory Statistics for the Behavioral Sciences,,Psychology,0,,,,,Wiley,Unread,,,,,,,,9781118149737,,2014/03/09,,,,,,,PSdHAAAAQBAJ,0,0,,,,,,
,Noah BenShea,"benShea, Noah",Jacob's journey,"wisdom to find the way, strength to carry on",Bakeries,0,,,,,Villard Books,Unread,,,,,,,,9780394589909,,2014/03/03,,,,,,,Xrm3AAAAIAAJ,0,0,,,,,,
,Noah BenShea,"benShea, Noah",Jacob's Ladder:,Wisdom for the Heart's Ascent,Religion,0,,,,,Random House Publishing Group,Unread,,,,,,,,9780679451891,,2014/03/02,,,,,,,I33ZAAAAMAAJ,0,0,,,,,,
,Michael Strassfeld,"Strassfeld, Michael",Jewish Holidays,,Religion,0,,,,,HarperCollins,Unread,,,,,,,,9780062720085,,2014/04/02,,,,,,,B63zngEACAAJ,0,0,,,,,,
,Ilene Cooper,"Cooper, Ilene",Jewish Holidays All Year Round,A Family Treasury,Juvenile Nonfiction,0,,,,,Harry N. Abrams,Unread,,,,,,,,9780810905504,,2014/03/03,,,,,,,XQy3NwAACAAJ,0,0,,,,,,
,Joseph Telushkin,"Telushkin, Joseph",Jewish Literacy,"The Most Important Things to Know About the Jewish Religion, Its People, and Its History",Religion,0,,,,,HarperCollins,Unread,,,,,,,,9780688085063,,2014/03/03,,,,,,,5mR5jX70oqwC,0,0,,,,,,
,Aryeh Kaplan,"Kaplan, Aryeh",Jewish Meditation,A Practical Guide,Religion,0,,,,,Random House LLC,Unread,,,,,,,,9780307761118,,2014/03/03,,,,,,,Bp_U6ucBSh0C,0,0,,,,,,
,Simcha Paull Raphael,"Raphael, Simcha Paull",Jewish Views of the Afterlife,,Religion,0,,,,,"Rowman & Littlefield Publishing Group, Incorporated",Unread,,,,,,,,9781568219387,,2014/03/03,,,,,,,zF6eGAAACAAJ,0,0,,,,,,
,Bill Adler,"Adler, Bill",Jewish Wit and Wisdom,,Jewish wit and humor,0,,,,,Dell Publishing Company,Unread,,,,,,,,,,2014/04/02,,,,,,,BFuhPwAACAAJ,0,0,,,,,,
,Max I. Dimont,"Dimont, Max I.","Jews, God, and History",,History,0,,,,,Penguin Group (USA) Incorporated,Unread,,,,,,,,9780451529404,,2014/04/02,,,,,,,dpcenwEACAAJ,0,0,,,,,,
,Joe Celko,"Celko, Joe",Joe Celko's SQL for Smarties,Advanced SQL Programming,Computers,0,,,,,Morgan Kaufmann,Unread,,,,,,,,9780080460048,,2014/03/02,,,,,,,Hi9fMnOoRtAC,0,0,,,,,,
,Joe Celko,"Celko, Joe",Joe Celko's SQL Programming Style,,Computers,0,,,,,Morgan Kaufmann,Unread,,,,,,,,9780120887972,,2014/03/02,,,,,,,a9jtyioHfp8C,0,0,,,,,,
,Joe Celko,"Celko, Joe",Joe Celko's thinking in sets [electronic resource],"auxiliary, temporal, and virtual tables in SQL",Computers,0,,,,,Elsevier Science & Technology Books,Unread,,,,,,,,9780123741370,,2014/03/02,,,,,,,FI70lAEACAAJ,0,0,,,,,,
,William Dunham,"Dunham, William",Journey through genius,the great theorems of mathematics,Mathematics,0,,,,,Penguin Books,Unread,,,,,,,,9780140147391,,2014/03/02,,,,,,,_IbWAAAAMAAJ,0,0,,,,,,
,Kent Beck,"Beck, Kent",Kent Beck's Guide to Better Smalltalk,A Sorted Collection,Computers,0,,,,,Cambridge University Press,Unread,,,,,,,,9780521644372,,2014/03/02,,,,,,,Y7FwNB4GV4EC,0,0,,,,,,
,Simms Taback,"Taback, Simms",Kibitzers and Fools,Tales My Zayda Told Me,Juvenile Fiction,0,,,,,Puffin Books,Unread,,,,,,,,9780142410653,,2014/03/03,,,,,,,7RkTN8g91bsC,0,0,,,,,,
,Elmore Leonard,"Leonard, Elmore",Killshot,,Fiction,0,,,,,HarperCollins,Unread,,,,,,,,9780061808555,,2014/03/09,,,,,,,2hHYvY-x9kkC,0,0,,,,,,
,Arlene Zimmerly,"Zimmerly, Arlene",Learn About Sign Language,,,0,,,,,Barnes & Noble,Unread,,,,,,,,9780760789162,,2014/04/02,,,,,,,Vm_3ngEACAAJ,0,0,,,,,,
,Paul Michael Yedwab,"Yedwab, Paul Michael",Learn Hebrew Today,Alef-bet for Adults,Foreign Language Study,0,,,,,URJ Books and Music,Unread,,,,,,,,9780807404836,,2014/04/02,,,,,,,eagzPSSPvkMC,0,0,,,,,,
,Fred Hebert,"Hebert, Fred",Learn You Some Erlang for Great Good!,A Beginner's Guide,Computers,0,,,,,No Starch Press,Unread,,,,,,,,9781593274351,,2014/03/02,,,,,,,E6wgHfqyGHUC,0,0,,,,,,
,Richard E. Neapolitan,"Neapolitan, Richard E.",Learning Bayesian networks,,Mathematics,0,,,,,Pearson Prentice Hall,Unread,,,,,,,,9780130125347,,2014/03/02,,,,,,,OlMZAQAAIAAJ,0,0,,,,,,
,Bill Rosenblatt,"Rosenblatt, Bill",Learning the Korn Shell,,,0,,,,,"""O'Reilly Media, Inc.""",Unread,,,,,,,,9781565920545,,2014/03/02,,,,,,,JEaNCl_XUEAC,0,0,,,,,,
,Walt Whitman,"Whitman, Walt",Leaves of Grass,,Fiction,0,,,,,Random House LLC,Unread,,,,,,,,9780553900767,,2014/03/02,,,,,,,OqzeOeGJaOAC,0,0,,,,,,
,Leo Rosten,"Rosten, Leo",Leo Rosten's Treasury of Jewish Quotations,,Reference,0,,,,,Bantam Books,Unread,,,,,,,,9780553143317,,2014/04/02,,,,,,,XAUhPwAACAAJ,0,0,,,,,,
,Ruby G. Strauss,"Strauss, Ruby G.",Let's Learn the Alef Bet,Reading Readiness Book for the Hebrew Primer,,0,,,,,"Behrman House, Inc",Unread,,,,,,,,9780874414394,,2014/04/02,,,,,,,Eim7JWVhG8oC,0,0,,,,,,
,Deborah Halverson,"Halverson, Deborah",Letters to Santa,,,0,,,,,Pearson Learning Solutions,Unread,,,,,,,,9781256686255,,2014/03/09,,,,,,,OTmilwEACAAJ,0,0,,,,,,
,Eva Wong,"Wong, Eva",Lieh-Tzu,A Taoist Guide to Practical Living,Religion,0,,,,,SHAMBHALA PUB Incorporated,Unread,,,,,,,,9781570628993,,2014/03/03,,,,,,,xYYOAAAACAAJ,0,0,,,,,,
,James W. Loewen,"Loewen, James W.",Lies Across America,What Our Historic Sites Get Wrong,History,0,,,,,The New Press,Unread,,,,,,,,9781595586766,,2014/03/09,,,,,,,zRtFAAAAQBAJ,0,0,,,,,,
,James Davies,"Davies, James",Life and Death,,Games,0,,,,,Kiseido Publishing Company,Unread,,,,,,,,9784906574131,,2014/03/02,,,,,,,wOwOAAAACAAJ,0,0,,,,,,
,"Stephen M. Pollan, Mark Levine","Pollan, Stephen M.",Lifescripts,What to Say to Get what You Want in Life's Toughest Situations (CUSTOM),Social Science,0,,,,,Wiley,Unread,,,,,,,,9780470474105,,2014/03/09,,,,,,,32NsSQAACAAJ,0,0,,,,,,
,Erik Kolbell,"Kolbell, Erik",Lifescripts for Family and Friends,What to Say in 101 of Life's Most Troubling and Uncomfortable Situations,Family & Relationships,0,,,,,Simon and Schuster,Unread,,,,,,,,9780743400602,,2014/03/09,,,,,,,gcP6anjPGi8C,0,0,,,,,,
,Georgi E. Shilov,"Shilov, Georgi E.",Linear Algebra,,Mathematics,0,,,,,Courier Dover Publications,Unread,,,,,,,,9780486135045,,2014/03/02,,,,,,,5U6loPxlvQkC,0,0,,,,,,
,"Jonathan Corbet, Alessandro Rubini, Greg Kroah-Hartman","Corbet, Jonathan",Linux Device Drivers,,Computers,0,,,,,"""O'Reilly Media, Inc.""",Unread,,,,,,,,9780596555382,,2014/03/09,,,,,,,M7RHMACEkg4C,0,0,,,,,,
,"Benedictus de Spinoza, A. Zweig","Spinoza, Benedictus de",Living Thoughts,,,0,,,,,Cassell,Unread,,,,,,,,,,2014/03/09,,,,,,,Z9pKnQEACAAJ,0,0,,,,,,
,"Harvey Abramson, Verónica Dahl","Abramson, Harvey",Logic grammars,,Computers,0,,,,,Springer Verlag Gmbh,Unread,,,,,,,,9780387969619,,2014/03/02,,,,,,,wsNZAAAAYAAJ,0,0,,,,,,
,"Lonely Planet, Charles Rawlings-Way, Brett Atkinson, Sarah Bennett, Peter Dragicevich","Planet, Lonely",Lonely Planet New Zealand,,Travel,0,,,,,Lonely Planet,Unread,,,,,,,,9781743213339,,2014/03/02,,,,,,,gmWLarCaiiMC,0,0,,,,,,
,"William J. Baumol, Alan S. Blinder","Baumol, William J.",Macroeconomics,Principles and Policy,Business & Economics,0,,,,,Cengage South-Western,Unread,,,,,,,,9780324586244,,2014/04/01,,,,,,,zdDCHwAACAAJ,0,0,,,,,,
,"William Baumol, Alan Blinder","Baumol, William",Macroeconomics: Principles and Policy,,Business & Economics,0,,,,,Cengage Learning,Unread,,,,,,,,9780324586213,,2014/04/01,,,,,,,wU8IB2W-TbkC,0,0,,,,,,
,Abraham Joshua Heschel,"Heschel, Abraham Joshua",Man Is Not Alone,A Philosophy of Religion,Religion,0,,,,,Macmillan,Unread,,,,,,,,9780374513283,,2014/03/03,,,,,,,CxrIckdtX9wC,0,0,,,,,,
,William H. Marnell,"Marnell, William H.",Man-made Morals,Four Philosophies that Shaped America,"Philosophy, Modern",0,,,,,Doubleday,Unread,,,,,,,,,,2014/03/03,,,,,,,VhBDAAAAIAAJ,0,0,,,,,,
,Richard Campbell,"Campbell, Richard",Managing Afs,The Andrew File System,Computers,0,,,,,Prentice Hall PTR,Unread,,,,,,,,9780138027292,,2014/03/02,,,,,,,Na4MAAAACAAJ,0,0,,,,,,
,P. C. Cast,"Cast, P. C.",Marked,A House of Night Novel,Juvenile Fiction,0,,,,,Macmillan,Unread,,,,,,,,9780312360269,,2014/04/01,,,,,,,hcrXAQAAQBAJ,0,0,,,,,,
,Leo Lieberman,"Lieberman, Leo",Master the Clep 2004,,Study Aids,0,,,,,Peterson's,Unread,,,,,,,,9780768912012,,2014/04/01,,,,,,,QlSgMQEACAAJ,0,0,,,,,,
,Heikki Ruskeepaa,"Ruskeepaa, Heikki",Mathematica Navigator,"Mathematics, Statistics and Graphics",Mathematics,0,,,,,Academic Press,Unread,,,,,,,,9780080920993,,2014/03/09,,,,,,,6CGod4o7yf8C,0,0,,,,,,
,Elmore Leonard,"Leonard, Elmore",Maximum Bob,,Fiction,0,,,,,HarperCollins,Unread,,,,,,,,9780060084080,,2014/03/02,,,,,,,A8Gj206xDtcC,0,0,,,,,,
,Aryeh Kaplan,"Kaplan, Aryeh",Meditation and Kabbalah,,"Body, Mind & Spirit",0,,,,,Weiser Books,Unread,,,,,,,,9781609253905,,2014/03/03,,,,,,,Q3uc8zB5FRoC,0,0,,,,,,
,Sidney Sheldon,"Sheldon, Sidney",Memories of Midnight,,Fiction,0,,,,,HarperCollins,Unread,,,,,,,,9780062007827,,2014/03/09,,,,,,,btqG4Bp659UC,0,0,,,,,,
,Bob Walsh,"Walsh, Bob",Micro-ISV,From Vision to Reality,Computers,0,,,,,Apress,Unread,,,,,,,,9781430201144,,2014/03/09,,,,,,,YKuYXO-LKrcC,0,0,,,,,,
,"William J. Baumol, Alan S. Blinder","Baumol, William J.",Microeconomics,Principles and Policy,Business & Economics,0,,,,,Cengage South-Western,Unread,,,,,,,,9780324586251,,2014/04/01,,,,,,,mG_VnQEACAAJ,0,0,,,,,,
,Harlan Ellison,"Ellison, Harlan",Mind Fields,The Art of Jacek Yerka : The Fiction of Harlan Ellison,,0,,,,,Morpheus International,Unread,,,,,,,,9780962344794,,2014/04/01,,,,,,,AIQIAAAACAAJ,0,0,,,,,,
,Lawrence C. Paulson,"Paulson, Lawrence C.",ML for the Working Programmer,,Computers,0,,,,,Cambridge University Press,Unread,,,,,,,,9780521565431,,2014/03/02,,,,,,,XppZdaDs7e0C,0,0,,,,,,
,Herman Melville,"Melville, Herman",Moby-Dick,"Or, The Whale","Ahab, Captain (Fictitious character)",0,,,,,Norton,Unread,,,,,,,,9780393044027,,2014/04/01,,,,,,,wNO6QgAACAAJ,0,0,,,,,,
,"Harry Blumberg, Mordecai Henry Lewittes","Blumberg, Harry",Modern Hebrew,"A First-year Course in Reading, Grammar and Conversation",Hebrew language,0,,,,,Hebrew Publishing Company,Unread,,,,,,,,,,2014/03/03,,,,,,,pzHWAAAAMAAJ,0,0,,,,,,
,Ruth Finer Mintz,"Mintz, Ruth Finer",Modern Hebrew Poetry,A Bilingual Anthology,"Hebrew poetry, Modern",0,,,,,University of California Press,Unread,,,,,,,,,,2014/04/02,,,,,,,LdUVUdmMeqcC,0,0,,,,,,
,SHULA GILBOA,"GILBOA, SHULA",MODERN HEBREW TEACH YOURSELF (PACK),,,0,,,,,Teach Yourself Langu,Unread,,,,,,,,9780071445245,,2014/03/03,,,,,,,zWjNmgEACAAJ,0,0,,,,,,
,Ray E. Keesey,"Keesey, Ray E.",Modern Parliamentary Procedure,,Parliamentary practice,0,,,,,Houghton Mifflin,Unread,,,,,,,,9780395170151,,2014/03/09,,,,,,,f6MWAAAAIAAJ,0,0,,,,,,
,Dora Sakayan,"Sakayan, Dora",Modern Western Armenian for the English-speaking world,a constrastive approach,West Armenian dialect,0,,,,,Arod Books,Unread,,,,,,,,9780969987925,,2014/03/03,,,,,,,5I0lAQAAMAAJ,0,0,,,,,,
,Elizabeth Soutter Schwarzer,"Schwarzer, Elizabeth Soutter",Motherhood Is Not for Wimps,"No Answers, Just Stories",Family & Relationships,0,,,,,AuthorHouse,Unread,,,,,,,,9781425976439,,2014/03/02,,,,,,,tnxiIhVZlfIC,0,0,,,,,,
,Joseph Earl Dabney,"Dabney, Joseph Earl",Mountain Spirits,A Chronicle of Corn Whiskey from King James' Ulster Plantation to America's Appalachians and the Moonshine Life,Business & Economics,0,,,,,"Bright Mountain Books, Incorporated",Unread,,,,,,,,9780914875024,,2014/03/26,,,,,,,j3oEAAAACAAJ,0,0,,,,,,
,Willa Cather,"Cather, Willa",My Antonia,,Fiction,0,,,,,Barnes & Noble Publishing,Unread,,,,,,,,9781593080242,,2014/03/02,,,,,,,sb79ictAtvgC,0,0,,,,,,
,"Willa Cather, Alyssa Harad","Cather, Willa",My Antonia,,Fiction,0,,,,,Simon and Schuster,Unread,,,,,,,,9780743487696,,2014/03/09,,,,,,,P0XNPODZqPAC,0,0,,,,,,
,Lawrence A. Hoffman,"Hoffman, Lawrence A.",My People's Prayer Book V1 Sh'ma & It's Blessings,,Religion,0,,,,,Jewish Lights Pub.,Unread,,,,,,,,9781879045798,,2014/03/03,,,,,,,VkEqAAAAYAAJ,0,0,,,,,,
,Thomas Ligotti,"Ligotti, Thomas",My Work Is Not Yet Done,,Fiction,0,,,,,Virgin Books Limited,Unread,,,,,,,,9780753516881,,2014/04/01,,,,,,,PNplr8IWftgC,0,0,,,,,,
,Brenda Ralph Lewis,"Lewis, Brenda Ralph",Myths and Legends,,,0,,,,,Brimax,Unread,,,,,,,,9780861122332,,2014/03/09,,,,,,,EnFaHQAACAAJ,0,0,,,,,,
,David McWilliams Ludlum,"Ludlum, David McWilliams",National Audubon Society Field Guide to North American Weather,,Nature,0,,,,,Random House LLC,Unread,,,,,,,,9780679408512,,2014/03/26,,,,,,,CFNT3Y63Jb4C,0,0,,,,,,
,"Gerald Gazdar, C. S. Mellish","Gazdar, Gerald",Natural language processing in prolog,an introduction to computational linguistics,Language Arts & Disciplines,0,,,,,Addison-Wesley,Unread,,,,,,,,9780201178258,,2014/03/03,,,,,,,Sz9QAQAAIAAJ,0,0,,,,,,
,Jean-Paul Sartre,"Sartre, Jean-Paul",Nausea,,Fiction,0,,,,,New Directions Publishing,Unread,,,,,,,,9780811217002,,2014/03/03,,,,,,,mxH354gAqQMC,0,0,,,,,,
,"Sir Isaac Newton, Dana Densmore","Newton, Sir Isaac",Newton's Principia,the central argument,Science,0,,,,,Green Lion Press,Unread,,,,,,,,9781888009248,,2014/03/02,,,,,,,T9BUAAAAYAAJ,0,0,,,,,,
,Stephen King,"King, Stephen",Night Shift,,Fiction,0,,,,,Random House LLC,Unread,,,,,,,,9780385528849,,2014/03/09,,,,,,,YTDDiSUsD-EC,0,0,,,,,,
,Isaac Bashevis Singer,"Singer, Isaac Bashevis",Nobel Lecture,,Jews in literature,0,,,,,"Farrar, Straus, Giroux",Unread,,,,,,,,9780374223021,,2014/04/02,,,,,,,gEFqQgAACAAJ,0,0,,,,,,
,Andrews McMeel Publishing,"Publishing, Andrews McMeel",Now Panic and Freak Out,,Humor,0,,,,,Andrews McMeel Publishing,Unread,,,,,,,,9781449418427,,2014/04/01,,,,,,,z-19k0scTrYC,0,0,,,,,,
,"Bill Tarr, William Tarr","Tarr, Bill","Now You See It, Now You Don't!",Lessons in Sleight of Hand,Games,0,,,,,Random House LLC,Unread,,,,,,,,9780394722023,,2014/04/01,,,,,,,Y4zT4ECEXtAC,0,0,,,,,,
,Sonya E. Keene,"Keene, Sonya E.",Object-oriented programming in Common LISP,a programmer's guide to CLOS,Computers,0,,,,,Addison-Wesley,Unread,,,,,,,,9780201175899,,2014/03/02,,,,,,,waVQAAAAMAAJ,0,0,,,,,,
,Jon D. Harrop,"Harrop, Jon D.",OCaml for Scientists,,OCaml (Computer program language),0,,,,,Flying Frog Consultancy,Unread,,,,,,,,,,2014/03/03,,,,,,,PsASNQAACAAJ,0,0,,,,,,
,Gil Marks,"Marks, Gil",Olive Trees and Honey,A Treasury of Vegetarian Recipes from Jewish Communities Around the World,Cooking,0,,,,,Wiley,Unread,,,,,,,,9780764544132,,2014/03/03,,,,,,,oREPAAAACAAJ,0,0,,,,,,
,Richard Hendel,"Hendel, Richard",On Book Design,,Art,0,,,,,Yale University Press,Unread,,,,,,,,9780300075700,,2014/04/01,,,,,,,fS0-_VuikBMC,0,0,,,,,,
,Gershom Gerhard Scholem,"Scholem, Gershom Gerhard",On the Mystical Shape of the Godhead,Basic Concepts in the Kabbalah,Religion,0,,,,,Random House LLC,Unread,,,,,,,,9780805210811,,2014/03/03,,,,,,,6nwCTvJlTKIC,0,0,,,,,,
,William Greider,"Greider, William","One World, Ready Or Not",The Manic Logic of Global Capitalim,Business & Economics,0,,,,,Simon & Schuster,Unread,,,,,,,,9780684811413,,2014/04/01,,,,,,,EeayAAAAIAAJ,0,0,,,,,,
,"Shneur Zalman (of Lyady), Meʼir Hanegbi","Lyady), Shneur Zalman (of",Opening the Tanya,discovering the moral and mystical teachings of a classic work of Kabbalah,Religion,0,,,,,Jossey-Bass,Unread,,,,,,,,9780787978921,,2014/03/03,,,,,,,g_XWAAAAMAAJ,0,0,,,,,,
,William Doyle,"Doyle, William",Origins of the French Revolution,,,0,,,,,"Oxford University Press, Incorporated",Unread,,,,,,,,9780198222842,,2014/03/09,,,,,,,F1ycQgAACAAJ,0,0,,,,,,
,"Dennis Shasha, Cathy Lazere","Shasha, Dennis",Out of Their Minds,The Lives and Discoveries of 15 Great Computer Scientists,Biography & Autobiography,0,,,,,Springer,Unread,,,,,,,,9780387982694,,2014/03/02,,,,,,,-0tDZX3z-8UC,0,0,,,,,,
,Andrew Vachss,"Vachss, Andrew",Pain Management,,Fiction,0,,,,,Knopf Doubleday Publishing Group,Unread,,,,,,,,9780375726477,,2014/03/26,,,,,,,pwA-PgAACAAJ,0,0,,,,,,
,Peter Norvig,"Norvig, Peter",Paradigms of Artificial Intelligence Programming,Case Studies in Common LISP,Computers,0,,,,,Morgan Kaufmann,Unread,,,,,,,,9781558601918,,2014/03/02,,,,,,,QzGuHnDhvZIC,0,0,,,,,,
,"Tom DeMarco, Timothy Lister, Dorset House","DeMarco, Tom",Peopleware,Productive Projects and Teams,Business & Economics,0,,,,,Pearson Education,Unread,,,,,,,,9780321934116,,2014/03/03,,,,,,,DVlsAQAAQBAJ,0,0,,,,,,
,"Oscar Nierstrasz, Stéphane Ducasse, Andrew P. Black, Damien Pollet","Nierstrasz, Oscar",Pharo by Example,,,0,,,,,Lulu.com,Unread,,,,,,,,9783952334140,,2014/03/02,,,,,,,5ok3AgAAQBAJ,0,0,,,,,,
,Stephen Humphrey Bogart,"Bogart, Stephen Humphrey",Play it Again,,Fiction,0,,,,,Forge,Unread,,,,,,,,9780312856656,,2014/04/01,,,,,,,B6muQgAACAAJ,0,0,,,,,,
,Dennis Tedlock,"Tedlock, Dennis",Popol Vuh,The Definitive Edition Of The Mayan Book Of The Dawn Of Life And The Glories Of,Social Science,0,,,,,Simon and Schuster,Unread,,,,,,,,9780684818450,,2014/03/02,,,,,,,qpdB1HzGAygC,0,0,,,,,,
,Adobe Systems,"Systems, Adobe",Postscript language reference manual,,PostScript (Computer program language),0,,,,,Addison-Wesley,Unread,,,,,,,,9780201101744,,2014/03/02,,,,,,,DOLgSqejh3YC,0,0,,,,,,
,Adobe,Adobe,PostScript Language Tutorial and Cookbook,,Computers,0,,,,,Adobe,Unread,,,,,,,,9780201101799,,2014/03/02,,,,,,,M0R9HK33EdEC,0,0,,,,,,
,Steve Oualline,"Oualline, Steve",Practical C Programming,,Computers,0,,,,,"""O'Reilly Media, Inc.""",Unread,,,,,,,,9781565923065,,2014/03/02,,,,,,,RzmsANQ4gaAC,0,0,,,,,,
,Peter Seibel,"Seibel, Peter",Practical Common Lisp,,Computers,0,,,,,Apress,Unread,,,,,,,,9781590592397,,2014/03/02,,,,,,,-7Iha7ls1-8C,0,0,,,,,,
,Laibl Wolf,"Wolf, Laibl",Practical Kabbalah,A Guide to Jewish Wisdom for Everyday Life,Religion,0,,,,,Random House LLC,Unread,,,,,,,,9780609803783,,2014/03/02,,,,,,,fiVkLHGfAzwC,0,0,,,,,,
,Shelley Powers,"Powers, Shelley",Practical RDF,,Computers,0,,,,,"""O'Reilly Media, Inc.""",Unread,,,,,,,,9780596550516,,2014/03/09,,,,,,,VfcX9wJEH3YC,0,0,,,,,,
,"Penny Simkin, April Bolding, Ann Keppler","Simkin, Penny","Pregnancy, Childbirth, and the Newborn (4th Edition)",The Complete Guide,Health & Fitness,0,,,,,Meadowbrook,Unread,,,,,,,,9781439175118,,2014/03/02,,,,,,,F6cQlQEACAAJ,0,0,,,,,,
,Joe Armstrong,"Armstrong, Joe",Programming Erlang,Software for a Concurrent World,Computers,0,,,,,“The” Pragmatic Bookshelf,Unread,,,,,,,,9781934356005,,2014/03/02,,,,,,,toGKQAAACAAJ,0,0,,,,,,
,Roberto Ierusalimschy,"Ierusalimschy, Roberto",Programming in Lua,,Computers,0,,,,,Roberto Ierusalimschy,Unread,,,,,,,,9788590379829,,2014/03/02,,,,,,,BWSTv8Q48YcC,0,0,,,,,,
,"William Clocksin, Christopher S. Mellish","Clocksin, William",Programming in Prolog,,Computers,0,,,,,Springer,Unread,,,,,,,,9783540006787,,2014/03/02,,,,,,,VjHk2Cjrti8C,0,0,,,,,,
,"William F. Clocksin, Christopher S. Mellish","Clocksin, William F.",Programming in Prolog,,Computers,0,,,,,Springer-Verlag,Unread,,,,,,,,9780387150116,,2014/03/02,,,,,,,HfYpAQAAMAAJ,0,0,,,,,,
,Dan Parks Sydow,"Sydow, Dan Parks",Programming the Be Operating System,,Computers,0,,,,,Oreilly & Associates Incorporated,Unread,,,,,,,,9781565924673,,2014/03/09,,,,,,,Zn4ZAQAAIAAJ,0,0,,,,,,
,Harold R. Kerzner,"Kerzner, Harold R.",Project Management,"A Systems Approach to Planning, Scheduling, and Controlling",Technology & Engineering,0,,,,,Wiley,Unread,,,,,,,,9781118022276,,2014/03/03,,,,,,,QU9aewAACAAJ,0,0,,,,,,
,"Fernando C. N. Pereira, Stuart M. Shieber","Pereira, Fernando C. N.",Prolog and Natural-Language Analysis,,Computational linguistics,0,,,,,Microtome Publishing,Unread,,,,,,,,9780971977709,,2014/03/02,,,,,,,1ahu2QEuYaIC,0,0,,,,,,
,Michael A. Covington,"Covington, Michael A.",Prolog Programming in Depth,,Computers,0,,,,,Prentice Hall PTR,Unread,,,,,,,,9780131386457,,2014/03/02,,,,,,,K6oLQAAACAAJ,0,0,,,,,,
,Pierre Deransart,"Deransart, Pierre",Prolog: The Standard,The Standard : Reference Manual,Computers,0,,,,,Springer,Unread,,,,,,,,9783540593041,,2014/03/02,,,,,,,noJW-_zXKskC,0,0,,,,,,
,"Bryan O'Sullivan, Donald Stewart, John Goerzen","O'Sullivan, Bryan",Real World Haskell,,Computers,0,,,,,O'Reilly Media,Unread,,,,,,,,9780596514983,,2014/03/02,,,,,,,zsoZmAEACAAJ,0,0,,,,,,
,Clive Staples Lewis,"Lewis, Clive Staples",Reflections on the Psalms,,Religion,0,,,,,Houghton Mifflin Harcourt,Unread,,,,,,,,9780156762489,,2014/03/02,,,,,,,v0_YGqdIIfwC,0,0,,,,,,
,"Douglas Preston, Lincoln Child","Preston, Douglas",Relic,,Fiction,0,,,,,Tom Doherty Associates,Unread,,,,,,,,9780812543261,,2014/03/26,,,,,,,SZJbrPWPtHAC,0,0,,,,,,
,Noah BenShea,"benShea, Noah",Remember this My Children,,Philosophy,0,,,,,Maxit Pub.,Unread,,,,,,,,9780970017451,,2014/04/02,,,,,,,whfdnQEACAAJ,0,0,,,,,,
,"Patrick Blackburn, Johannes Bos","Blackburn, Patrick",Representation And Inference For Natural Language,A First Course In Computational Semantics,Language Arts & Disciplines,0,,,,,C S L I Publications/Center for the Study of Language & Information,Unread,,,,,,,,9781575864969,,2014/03/02,,,,,,,I7t7QgAACAAJ,0,0,,,,,,
,Kirt C. Hickman,"Hickman, Kirt C.",Revising Fiction,Making Sense of the Madness,Language Arts & Disciplines,0,,,,,Quillrunner Publishing LLC,Unread,,,,,,,,9780979633010,,2014/03/02,,,,,,,Vj9dPgAACAAJ,0,0,,,,,,
,George Samuel Clason,"Clason, George Samuel",Richest Man in Babylon,,Business ethics,0,,,,,Bantam Books,Unread,,,,,,,,9780553209785,,2014/03/26,,,,,,,Cl9BPwAACAAJ,0,0,,,,,,
,Peter Croft,"Croft, Peter",Roman mythology,,Mythology,0,,,,,Octopus Books,Unread,,,,,,,,9780706439816,,2014/03/09,,,,,,,cQ7QQ74yP44C,0,0,,,,,,
,Christopher Moore,"Moore, Christopher",Sacre Bleu,A Comedy D'Art,Fiction,0,,,,,HarperCollins,Unread,,,,,,,,9780061779749,,2014/04/01,,,,,,,AwieZwEACAAJ,0,0,,,,,,
,Dan and Kathe Spracklen,"Spracklen, Dan and Kathe",Sargon,A Computer Chess Program,Computers,0,,,,,Hayden Books,Unread,,,,,,,,,,2014/03/02,,,,,,,,0,0,,,,,,
,Maisie Mosco,"Mosco, Maisie",Scattered Seed,,Domestic fiction,0,,,,,Hodder and Stoughton,Unread,,,,,,,,9780340590256,,2014/03/03,,,,,,,jnclQAAACAAJ,0,0,,,,,,
,"Andrew Busey, Poirier","Busey, Andrew",Secrets of the MUD Wizards,,Computers,0,,,,,Sams.net,Unread,,,,,,,,9780672307232,,2014/03/09,,,,,,,JGuaPQAACAAJ,0,0,,,,,,
,Arthur Green,"Green, Arthur",Seek My Face,A Jewish Mystical Theology,Religion,0,,,,,Jewish Lights Publishing,Unread,,,,,,,,9781580231305,,2014/03/03,,,,,,,i_jEUC26OX0C,0,0,,,,,,
,Edsger Wybe Dijkstra,"Dijkstra, Edsger Wybe",Selected writings on computing,a personal perspective,Computers,0,,,,,Springer-Verlag,Unread,,,,,,,,9780387906522,,2014/03/02,,,,,,,kHtQAAAAMAAJ,0,0,,,,,,
,Ralph Waldo Emerson,"Emerson, Ralph Waldo",Selections from Ralph Waldo Emerson,,Literary Criticism,0,,,,,Houghton Mifflin,Unread,,,,,,,,,,2014/03/03,,,,,,,7loPAQAAIAAJ,0,0,,,,,,
,Ron Wolfson,"Wolfson, Ron",Shabbat seder,,Judaism/ Customs and practices,0,,,,,Jewish Lights Pub.,Unread,,,,,,,,9781879045903,,2014/04/02,,,,,,,O6ZuAAAAMAAJ,0,0,,,,,,
,"Jeffrey Shiovitz, United Synagogue of Conservative Judaism. Department of Youth Activities","Shiovitz, Jeffrey",Shirei B'kol Echad,"Songs of ""in One Voice"": a Companion to the B'kol Echad Songster",,0,,,,,United Synagogue of Conservative Judaism. Department of Youth Activities,Unread,,,,,,,,,,2014/03/03,,,,,,,SOmbXwAACAAJ,0,0,,,,,,
,Lisa Jackson,"Jackson, Lisa",Shiver,,Fiction,0,,,,,Kensington Publishing Corp.,Unread,,,,,,,,9781420118940,,2014/03/09,,,,,,,X0_OWXYiXyoC,0,0,,,,,,
,David Sibley,"Sibley, David",Sibley's birding basics,,Bird watching,0,,,,,Alfred A. Knopf,Unread,,,,,,,,9780375709661,,2014/03/09,,,,,,,ra_wAAAAMAAJ,0,0,,,,,,
,Hermann Hesse,"Hesse, Hermann",Siddhartha,An Indian Tale,Religion,0,,,,,Penguin,Unread,,,,,,,,9781101200025,,2014/03/03,,,,,,,oIj52VjST0cC,0,0,,,,,,
,"Rabbinical Assembly, United Synagogue of Conservative Judaism","Assembly, Rabbinical",Siddur Sim Shalom for Shabbat and Festivals,,,0,,,,,Rabbinical Assembly,Unread,,,,,,,,,,2014/04/02,,,,,,,Gi4AtwAACAAJ,0,0,,,,,,
,Rex Pickett,"Pickett, Rex",Sideways,A Novel,Fiction,0,,,,,St. Martin's Press,Unread,,,,,,,,9780312342517,,2014/03/26,,,,,,,zNugmAEACAAJ,0,0,,,,,,
,Ramona Bachmann,"Bachmann, Ramona",Simply Kosher,,Cooking,0,,,,,"Gefen Publishing House, Limited",Unread,,,,,,,,9789652291042,,2014/03/03,,,,,,,WrVEOQAACAAJ,0,0,,,,,,
,"William L. Briggs, Lyle Cochran","Briggs, William L.",Single Variable for Calculus,Early Transcendentals,Mathematics,0,,,,,Prentice Hall,Unread,,,,,,,,9780321664105,,2014/04/01,,,,,,,7uMOQgAACAAJ,0,0,,,,,,
,Jen Green,"Green, Jen",Slide and Discover: World Atlas,,Juvenile Nonfiction,0,,,,,Baker & Taylor Publishing Group,Unread,,,,,,,,9781607105848,,2014/04/01,,,,,,,hdFJngEACAAJ,0,0,,,,,,
,Kent Beck,"Beck, Kent",Smalltalk Best Practice Patterns,,Computers,0,,,,,Prentice Hall PTR,Unread,,,,,,,,9780134769042,,2014/03/02,,,,,,,PQx2QgAACAAJ,0,0,,,,,,
,Alec Sharp,"Sharp, Alec",Smalltalk by Example,The Developer's Guide,Computers,0,,,,,"McGraw-Hill Ryerson, Limited",Unread,,,,,,,,9780079130365,,2014/03/02,,,,,,,KB4KAAAACAAJ,0,0,,,,,,
,"Edward J. Klimas, Suzanne Skublics, David A. Thomas","Klimas, Edward J.",Smalltalk with Style,,Computers,0,,,,,Prentice Hall,Unread,,,,,,,,9780131655492,,2014/03/02,,,,,,,P6lQAAAAMAAJ,0,0,,,,,,
,ישראל גולדפרב,"גולדפרב, ישראל",Song and praise for Sabbath Eve,,Jewish hymns,0,,,,,,Unread,,,,,,,,,,2014/04/02,,,,,,,dUAWAQAAMAAJ,0,0,,,,,,
,"Israel Goldfarb, Israel Herbert Levinthal","Goldfarb, Israel",Song and Praise for Sabbath Eve,For Use at Synagogue Gatherings in Connection with the Late Friday Evening Sermon Or Discourse,,0,,,,,I. Goldfarb and I.H. Levinthal,Unread,,,,,,,,,,2014/04/02,,,,,,,b5LMtgAACAAJ,0,0,,,,,,
,Walt Whitman,"Whitman, Walt",Song of Myself,,Poetry,0,,,,,Courier Dover Publications,Unread,,,,,,,,9780486113173,,2014/03/02,,,,,,,IeCJTwQOeOsC,0,0,,,,,,
,Thomas Ligotti,"Ligotti, Thomas",Songs of a Dead Dreamer,,Fiction,0,,,,,Carroll & Graf Publishers,Unread,,,,,,,,9780881845808,,2014/04/01,,,,,,,dKpsHAAACAAJ,0,0,,,,,,
,Jonathan Gennick,"Gennick, Jonathan",SQL Pocket Guide,,Computers,0,,,,,"O'Reilly Media, Incorporated",Unread,,,,,,,,9780596526887,,2014/03/02,,,,,,,0oJUAAAAMAAJ,0,0,,,,,,
,"Marie-France Hirigoyen, Helen Marx, Thomas Moore","Hirigoyen, Marie-France",Stalking the Soul,Emotional Abuse and the Erosion of Identity,Business & Economics,0,,,,,Helen Marx Books,Unread,,,,,,,,9781885586995,,2014/03/02,,,,,,,2DpzDCVMGGwC,0,0,,,,,,
,Judith Martin,"Martin, Judith",Star-spangled Manners,In which Miss Manners Defends American Etiquette (for a Change),Reference,0,,,,,W. W. Norton & Company,Unread,,,,,,,,9780393048612,,2014/03/03,,,,,,,I_C-cv96t0kC,0,0,,,,,,
,Debbie Stoller,"Stoller, Debbie",Stitch 'n Bitch Crochet,The Happy Hooker,Crafts & Hobbies,0,,,,,Workman Publishing,Unread,,,,,,,,9780761139850,,2014/03/02,,,,,,,WgX1h7ynuYIC,0,0,,,,,,
,Alexander Chernev,"Chernev, Alexander",Strategic Marketing Analysis,The Framework,Business & Economics,0,,,,,Lightning Source Incorporated,Unread,,,,,,,,9780979003981,,2014/03/03,,,,,,,p37aPQAACAAJ,0,0,,,,,,
,Alexander Chernev,"Chernev, Alexander",Strategic Marketing Management,,Business & Economics,0,,,,,Cerebellum Press,Unread,,,,,,,,9781936572151,,2014/03/03,,,,,,,LgiNMAEACAAJ,0,0,,,,,,
,Harold Abelson,"Abelson, Harold",Structure and Interpretation of Computer Programs,,Computers,0,,,,,McGraw-Hill Higher Education,Unread,,,,,,,,9780070004849,,2014/03/02,,,,,,,pma1QgAACAAJ,0,0,,,,,,
,"Joseph M. Williams, Ira Bruce Nadel","Williams, Joseph M.",Style,Ten Lessons in Clarity and Grace,Business writing,0,,,,,Longman,Unread,,,,,,,,9780321248091,,2014/03/09,,,,,,,ZgVsPwAACAAJ,0,0,,,,,,
,"Joseph M. Williams, Gregory G. Colomb","Williams, Joseph M.",Style,Toward Clarity and Grace,Language Arts & Disciplines,0,,,,,University of Chicago Press,Unread,,,,,,,,9780226899152,,2014/03/09,,,,,,,wheCdBUIpwIC,0,0,,,,,,
,Howard Phillips Lovecraft,"Lovecraft, Howard Phillips",Supernatural horror in literature,,Horror tales - History and criticism,0,,,,,Dover Publications,Unread,,,,,,,,9780486201054,,2014/04/01,,,,,,,ixdksmmFjkwC,0,0,,,,,,
,Marc-Alain Ouaknin,"Ouaknin, Marc-Alain",Symbols of Judaism,,,0,,,,,Barnes & Noble,Unread,,,,,,,,9780760742358,,2014/04/02,,,,,,,SA9eZJK-xLIC,0,0,,,,,,
,Martin Buber,"Buber, Martin",Tales of the Hasidim,,Hasidic parables,0,,,,,Schocken Books,Unread,,,,,,,,9780805209952,,2014/03/03,,,,,,,Ybbwy5NOKaoC,0,0,,,,,,
,Harry Olinsky,"Olinsky, Harry",Tanakh,,Religion,0,,,,,Jewish Publication Society,Unread,,,,,,,,9780827606845,,2014/03/03,,,,,,,NDqAPQAACAAJ,0,0,,,,,,
,"Laozi, Jonathan Star",Laozi,Tao Te Ching,The Definitive Edition,Philosophy,0,,,,,Jeremy P Tarcher/Putnam,Unread,,,,,,,,9781585420995,,2014/03/03,,,,,,,d3jXAAAAMAAJ,0,0,,,,,,
,"John K. Ousterhout, Ken Jones","Ousterhout, John K.",Tcl and the Tk Toolkit,,Computers,0,,,,,ADDISON WESLEY Publishing Company Incorporated,Unread,,,,,,,,9780321336330,,2014/03/02,,,,,,,UBG0mAEACAAJ,0,0,,,,,,
,Clif Flynt,"Flynt, Clif",Tcl/Tk,A Developer's Guide,Computers,0,,,,,Elsevier,Unread,,,,,,,,9780123847171,,2014/03/02,,,,,,,xlzh-xMPYD4C,0,0,,,,,,
,Perle Besserman,"Besserman, Perle",Teachings of the Jewish mystics,,Religion,0,,,,,Shambhala,Unread,,,,,,,,9781570623516,,2014/03/03,,,,,,,nFbEUXd9IGMC,0,0,,,,,,
,"Sidney Sheldon, Sidney Sheldon Family Limited Partnershi","Sheldon, Sidney",Tell Me Your Dreams,,Fiction,0,,,,,HarperCollins,Unread,,,,,,,,9780062007773,,2014/03/09,,,,,,,8z03WKzlC3MC,0,0,,,,,,
,Wynter Snow,"Snow, Wynter",TeX for the beginner,,Computers,0,,,,,Addison-Wesley Pub.,Unread,,,,,,,,9780201547993,,2014/03/02,,,,,,,vys8AQAAIAAJ,0,0,,,,,,
,James Edward Gray,"Gray, James Edward",TextMate,Power Editing Forthe Mac,Computers,0,,,,,"Pragmatic Programmers, LLC",Unread,,,,,,,,9780978739232,,2014/03/09,,,,,,,RcSwAAAACAAJ,0,0,,,,,,
,Christopher Buckley,"Buckley, Christopher",Thank You for Smoking,A Novel,Fiction,0,,,,,Random House Trade Paperbacks,Unread,,,,,,,,9780812976526,,2014/04/01,,,,,,,A2UgAQAAIAAJ,0,0,,,,,,
,Robert Byrne,"Byrne, Robert",The 2548 Best Things Anybody Ever Said,,Curiosities and wonders,0,,,,,Galahad,Unread,,,,,,,,9780883659601,,2014/03/02,,,,,,,UnNP85GKjdoC,0,0,,,,,,
,"Virgil, John Dryden (Translator)","(Translator), Virgil, John Dryden",The Aeneid,Translated in Verse by John Dryden,Electronic books,0,,,,,MobileReference,Unread,,,,,,,,9781607780175,,2014/03/03,,,,,,,Cz8_sArMpKcC,0,0,,,,,,
,Virgil,Virgil,The Aeneid of Virgil,,Aeneas (Legendary character),0,,,,,Houghton Mifflin,Unread,,,,,,,,,,2014/03/03,,,,,,,ViCgytjpx80C,0,0,,,,,,
,Paulo Coelho,"Coelho, Paulo",The Alchemist,,Fiction,0,,,,,HarperCollins,Unread,,,,,,,,9780061122415,,2014/03/03,,,,,,,pTr44Sx6oWQC,0,0,,,,,,
,Simon Lewis,"Lewis, Simon",The Art and Science of Smalltalk,,Computers,0,,,,,Prentice Hall International,Unread,,,,,,,,9780133713459,,2014/03/02,,,,,,,iJ9QAAAAMAAJ,0,0,,,,,,
,Yun-Tung Lau,"Lau, Yun-Tung",The Art of Objects,Object-oriented Design and Architecture,Computers,0,,,,,ADDISON WESLEY Publishing Company Incorporated,Unread,,,,,,,,9780201711615,,2014/03/02,,,,,,,Ee1QAAAAMAAJ,0,0,,,,,,
,Leon Sterling,"Sterling, Leon",The Art of Prolog,Advanced Programming Techniques,Computers,0,,,,,MIT Press,Unread,,,,,,,,9780262193382,,2014/03/02,,,,,,,w-XjuvpOrjMC,0,0,,,,,,
,Sunzi,Sunzi,The Art of Strategy,"A New Translation of Sun Tzu's Classic, The Art of War",History,0,,,,,Doubleday,Unread,,,,,,,,9780385237840,,2014/04/01,,,,,,,GsmbngEACAAJ,0,0,,,,,,
,Gregor Kiczales,"Kiczales, Gregor",The Art of the Metaobject Protocol,,Computers,0,,,,,MIT Press,Unread,,,,,,,,9780262610742,,2014/03/02,,,,,,,3X5Gnudn3k0C,0,0,,,,,,
,Jacob Bronowski,"Bronowski, Jacob",The Ascent of Man,,Science,0,,,,,"Little, Brown",Unread,,,,,,,,9780316109307,,2014/04/01,,,,,,,vpLuAAAAMAAJ,0,0,,,,,,
,Kate Chopin,"Chopin, Kate",The Awakening,,Adultery,0,,,,,H.S. Stone & Company,Unread,,,,,,,,,,2014/03/03,,,,,,,awYRAAAAYAAJ,0,0,,,,,,
,Aryeh Kaplan,"Kaplan, Aryeh",The Bahir,Illumination,Religion,0,,,,,Weiser Books,Unread,,,,,,,,9781609254933,,2014/03/03,,,,,,,M1WZoPno_LoC,0,0,,,,,,
,Sylvia Plath,"Plath, Sylvia",The Bell Jar,,Fiction,0,,,,,HarperCollins,Unread,,,,,,,,9780060837020,,2014/03/02,,,,,,,cZpR_0kN9gEC,0,0,,,,,,
,Lester Del Rey,"Rey, Lester Del",The Best of Lester Del Rey,,Fiction,0,,,,,Random House Incorporated,Unread,,,,,,,,9780345439499,,2014/03/02,,,,,,,3LZ6PwAACAAJ,0,0,,,,,,
,"Edgar Allan Poe, Ian Beck","Poe, Edgar Allan",The Best Tales of Mystery and Imagination,,Mystery,0,,,,,Octopus Books Limited,Unread,,,,,,,,9780706424522,,2014/03/26,,,,,,,hIEhtwAACAAJ,0,0,,,,,,
,Tim Dorsey,"Dorsey, Tim",The Big Bamboo,,Fiction,0,,,,,HarperCollins,Unread,,,,,,,,9780061828522,,2014/03/09,,,,,,,cW-bmc7yDVsC,0,0,,,,,,
,Herb L. Gustafson,"Gustafson, Herb L.",The Bonsai Workshop,,Gardening,0,,,,,"Sterling Publishing Company, Incorporated",Unread,,,,,,,,9780806905570,,2014/04/01,,,,,,,bOMPnwEACAAJ,0,0,,,,,,
,Martin Palmer,"Palmer, Martin",The Book of Chuang Tzu,,Religion,0,,,,,Arkana,Unread,,,,,,,,9780140194883,,2014/03/03,,,,,,,uam3QgAACAAJ,0,0,,,,,,
,Robert Alter,"Alter, Robert",The Book of Psalms: A Translation with Commentary,,Religion,0,,,,,W. W. Norton & Company,Unread,,,,,,,,9780393070378,,2014/03/03,,,,,,,2iYEhR1Dz8YC,0,0,,,,,,
,Kakuzo Okakura,"Okakura, Kakuzo",The Book of Tea,,History,0,,,,,Arc Manor LLC,Unread,,,,,,,,9781604506068,,2014/03/02,,,,,,,d4DIqgwlqh8C,0,0,,,,,,
,Richard Lederer,"Lederer, Richard",The Bride of Anguished English,"A Bonanza of Bloopers, Blunders, Botches, and Boo-Boos",Language Arts & Disciplines,0,,,,,Macmillan,Unread,,,,,,,,9781429906395,,2014/03/09,,,,,,,pGlzs85pzRgC,0,0,,,,,,
,"Brian W. Kernighan, Dennis M. Ritchie","Kernighan, Brian W.",The C Programming Language,,Computers,0,,,,,Prentice Hall,Unread,,,,,,,,9780131103627,,2014/03/02,,,,,,,161QAAAAMAAJ,0,0,,,,,,
,Geoffrey Chaucer,"Chaucer, Geoffrey",The Canterbury Tales,,Literary Criticism,0,,,,,Penguin UK,Unread,,,,,,,,9780718193744,,2014/03/02,,,,,,,eZGDIFy2pvkC,0,0,,,,,,
,Chicago,Chicago,The Chicago Manual of Style,,Reference,0,,,,,University of Chicago Press,Unread,,,,,,,,9780226104034,,2014/03/02,,,,,,,EBMlLYwqmjYC,0,0,,,,,,
,Stephen R. Donaldson,"Donaldson, Stephen R.","The Chronicles of Thomas Covenant, the Unbeliever",,Fantasy fiction,0,,,,,Fontana,Unread,,,,,,,,9780006473299,,2014/03/02,,,,,,,74xQPwAACAAJ,0,0,,,,,,
,"Karl Marx, Friedrich Engels","Marx, Karl",The Communist Manifesto,,Literary Collections,0,,,,,OUP Oxford,Unread,,,,,,,,9780199535712,,2014/03/26,,,,,,,7oQxngEACAAJ,0,0,,,,,,
,Hans Christian Andersen,"Andersen, Hans Christian",The Complete Hans Christian Andersen Fairy Tales,,"Children's stories, Danish - Translations into English",0,,,,,Gramercy Books,Unread,,,,,,,,9780517092910,,2014/03/03,,,,,,,n4O_9qeNxZYC,0,0,,,,,,
,John Woldemar Cowan,"Cowan, John Woldemar",The Complete Lojban Language,,Loglan (Artificial language),0,,,,,Logical Language Group,Unread,,,,,,,,9780966028300,,2014/04/01,,,,,,,XQiZngEACAAJ,0,0,,,,,,
,John Milton,"Milton, John",The Complete Poems of John Milton,,English poetry,0,,,,,P. F. Collier & Son,Unread,,,,,,,,,,2014/03/26,,,,,,,MH8EAAAAYAAJ,0,0,,,,,,
,Franz Kafka,"Kafka, Franz",The Complete Stories,,Fiction,0,,,,,Schocken Books,Unread,,,,,,,,9780805210552,,2014/03/03,,,,,,,ATl4i59stCMC,0,0,,,,,,
,Herbert Tarr,"Tarr, Herbert",The Conversion of Chaplain Cohen,A Novel,"Chaplains, Military",0,,,,,B. Geis Associates,Unread,,,,,,,,,,2014/04/02,,,,,,,5coiAAAAMAAJ,0,0,,,,,,
,Richard A. O'Keefe,"O'Keefe, Richard A.",The Craft of Prolog,,Computers,0,,,,,MIT Press,Unread,,,,,,,,9780262150392,,2014/03/02,,,,,,,G86dQgAACAAJ,0,0,,,,,,
,Donald A. Norman,"Norman, Donald A.",The Design of Everyday Things,,Technology & Engineering,0,,,,,Basic Books,Unread,,,,,,,,9780465067107,,2014/04/01,,,,,,,rCUrngEACAAJ,0,0,,,,,,
,"Sherman R. Alpert, Kyle Brown, Bobby Woolf","Alpert, Sherman R.",The Design Patterns Smalltalk Companion,,Computers,0,,,,,ADDISON WESLEY Publishing Company Incorporated,Unread,,,,,,,,9780201184624,,2014/03/02,,,,,,,WY1QAAAAMAAJ,0,0,,,,,,
,Ambrose Bierce,"Bierce, Ambrose",The Devil's Dictionary,Complete & Unabridged,Fiction,0,,,,,Courier Dover Publications,Unread,,,,,,,,9780486146898,,2014/03/02,,,,,,,IzDDAgAAQBAJ,0,0,,,,,,
,Dante Alighieri,"Alighieri, Dante",The Divine Comedy,"The Inferno, the Purgatorio, and the Paradiso",Poetry,0,,,,,New American Library,Unread,,,,,,,,9780451208637,,2014/03/03,,,,,,,gohkAAAAMAAJ,0,0,,,,,,
,Howard Phillips Lovecraft,"Lovecraft, Howard Phillips",The dream cycle of H.P. Lovecraft,dreams of terror and death,Dreams - Fiction,0,,,,,Ballantine Books,Unread,,,,,,,,9780345384218,,2014/04/01,,,,,,,tvZaAAAAMAAJ,0,0,,,,,,
,Abraham Joshua Heschel,"Heschel, Abraham Joshua",The Earth is the Lord's: The Inner World of the Jew in ...,,Religion,0,,,,,Jewish Lights,Unread,,,,,,,,,,2014/03/03,,,,,,,zPnApmcb5TgC,0,0,,,,,,
,Robert Bringhurst,"Bringhurst, Robert",The Elements of Typographic Style,,Art,0,,,,,"Hartley & Marks Publishers, Incorporated",Unread,,4.0,,,,,,9780881792126,,2014/03/03,,,,,,,luAyLgEACAAJ,0,0,,,,,,
,Benedict de Spinoza,"Spinoza, Benedict de",The Ethics (Ethica Ordine Geometrico Demonstrata),,Philosophy,0,,,,,BookRix,Unread,,,,,,,,9783730964866,,2014/03/03,,,,,,,8Ol_AgAAQBAJ,0,0,,,,,,
,Randy Penn,"Penn, Randy",The Everything Knots Book,Step-By-Step Instructions for Tying Any Knot,Sports & Recreation,0,,,,,Adams Media,Unread,,,,,,,,9781593370329,,2014/03/02,,,,,,,38GDmAEACAAJ,0,0,,,,,,
,"Nosson Scherman, Avie Gold","Scherman, Nosson",The family Haggadah,,Religion,0,,,,,Mesorah Publications,Unread,,,,,,,,9780899061788,,2014/03/03,,,,,,,N_-cCwBRFnkC,0,0,,,,,,
,Isaac Bashevis Singer,"Singer, Isaac Bashevis",The Family Moskat,A Novel,Fiction,0,,,,,Macmillan,Unread,,,,,,,,9780374530648,,2014/03/03,,,,,,,jONhDbksEo8C,0,0,,,,,,
,Edward Steichen,"Steichen, Edward",The Family of man,,"Photography, Artistic - Exhibitions",0,,,,,Museum of Modern Art,Unread,,,,,,,,9780870703416,,2014/04/01,,,,,,,lTThaWIXfPwC,0,0,,,,,,
,"Ethelyn Simon, Irene Resnikoff, Linda Motzkin","Simon, Ethelyn",The first Hebrew primer,the adult beginner's path to Biblical Hebrew,Foreign Language Study,0,,,,,EKS pub.,Unread,,,,,,,,9780939144150,,2014/03/03,,,,,,,90_uAAAAMAAJ,0,0,,,,,,
,Robert Alter,"Alter, Robert",The Five Books of Moses,A Translation with Commentary,Religion,0,,,,,W. W. Norton & Company,Unread,,,,,,,,9780393019551,,2014/03/03,,,,,,,pKHRaOIpAnsC,0,0,,,,,,
,Patrick M. Lencioni,"Lencioni, Patrick M.",The Five Dysfunctions of a Team,A Leadership Fable,Business & Economics,0,,,,,Wiley,Unread,,,,,,,,9780787960759,,2014/04/01,,,,,,,URoYnAEACAAJ,0,0,,,,,,
,Jiddu Krishnamurti,"Krishnamurti, Jiddu",The Flight of the Eagle,,Biography & Autobiography,0,,,,,"Perennial Library, Harper & Row",Unread,,,,,,,,9780060916107,,2014/03/03,,,,,,,cBkInQEACAAJ,0,0,,,,,,
,Ayn Rand,"Rand, Ayn",The Fountainhead,,Fiction,0,,,,,Penguin,Unread,,,,,,,,9781101137185,,2014/03/26,,,,,,,3WiS2jWThFAC,0,0,,,,,,
,Guy Cousineau,"Cousineau, Guy",The Functional Approach to Programming,,Computers,0,,,,,Cambridge University Press,Unread,,,,,,,,9780521576819,,2014/03/02,,,,,,,-vQPDXciXUMC,0,0,,,,,,
,"Regelson, Abraham, Forst, Siegmund","Abraham, Regelson,",The Haggadah of Passover,,Haggadot,0,,,,,Hebron Yeshivah in Jerusalem,Unread,,,,,,,,,,2014/04/02,,,,,,,yAEbRAAACAAJ,0,0,,,,,,
,Paul Hudak,"Hudak, Paul",The Haskell School of Expression,,,0,,,,,Cambridge University Press,Unread,,,,,,,,9781107268654,,2014/03/02,,,,,,,db42AAAAQBAJ,0,0,,,,,,
,Charles Foster Kent,"Kent, Charles Foster",The heroes and crises of early Hebrew history,from the creation to the death of Moses,History,0,,,,,Charles Scribner,Unread,,,,,,,,,,2014/03/03,,,,,,,7hL6VcuBLvIC,0,0,,,,,,
,Arthur Conan Doyle,"Doyle, Arthur Conan",The Hound of the Baskervilles,,Fiction,0,,,,,Dover Publications,Unread,,,,,,,,9780486282145,,2014/04/01,,,,,,,7KAWnwEACAAJ,0,0,,,,,,
,"Ralph E. Griswold, Madge T. Griswold","Griswold, Ralph E.",The Icon programming language,,Computers,0,,,,,Peer-to-Peer Communications,Unread,,,,,,,,9781573980012,,2014/03/02,,,,,,,k-IYAQAAMAAJ,0,0,,,,,,
,Lyle Daggett,"Daggett, Lyle",The Idea of Legacy,,,0,,,,,Musical Comedy Editions,Unread,,,,,,,,9780978558406,,2014/03/26,,,,,,,pR_PAAAACAAJ,0,0,,,,,,
,"Josephine Bacon, Martin Gilbert, Arka Cartographics Limited","Bacon, Josephine",The illustrated atlas of Jewish civilization,,Jews,0,,,,,Quantum Books,Unread,,,,,,,,9780681289222,,2014/04/02,,,,,,,n1QJCUFE0O4C,0,0,,,,,,
,Robert Craig Brown,"Brown, Robert Craig",The Illustrated History of Canada,,History,0,,,,,Key Porter Books,Unread,,,,,,,,9781552639207,,2014/04/01,,,,,,,cbo3nwEACAAJ,0,0,,,,,,
,Ray Bradbury,"Bradbury, Ray",The Illustrated Man,,Fiction,0,,,,,Simon and Schuster,Unread,,,,,,,,9781451678185,,2014/03/03,,,,,,,-QC3TyfN3zoC,0,0,,,,,,
,Alan Axelrod,"Axelrod, Alan",The International Encyclopedia of Secret Societies and Fraternal Orders,,Reference,0,,,,,Checkmark Books,Unread,,,,,,,,9780816038718,,2014/03/02,,,,,,,FT3zned-voYC,0,0,,,,,,
,Lisa Hunter,"Hunter, Lisa",The Intrepid Art Collector,"The Beginner's Guide to Finding, Buying, and Appreciating Art on a Budget",Antiques & Collectibles,0,,,,,Random House LLC,Unread,,,,,,,,9780307237132,,2014/03/02,,,,,,,570I7D8Dl84C,0,0,,,,,,
,DovBer Pinson,"Pinson, DovBer",The Iyyun Haggadah,An Introduction to the Haggadah,,0,,,,,CreateSpace,Unread,,,,,,,,9781460949832,,2014/04/02,,,,,,,AL_8tgAACAAJ,0,0,,,,,,
,"Richard Siegel, Michael Strassfeld, Sharon Strassfeld","Siegel, Richard",The Jewish catalog,a do-it-yourself kit,Jewish way of life,0,,,,,Jewish Publication Society of America,Unread,,,,,,,,9780827600423,,2014/04/02,,,,,,,dwdDV_6BnqoC,0,0,,,,,,
,Shmuel Himelstein,"Himelstein, Shmuel",The Jewish Primer,Questions and Answers on Jewish Faith and Culture,Religion,0,,,,,Facts on File,Unread,,,,,,,,9780816028498,,2014/04/02,,,,,,,0YsXngEACAAJ,0,0,,,,,,
,Ronald L Eisenberg,"Eisenberg, Ronald L",The Jewish World in Stamps: 4000 Years of Jewish ...,,,0,,,,,,Unread,,,,,,,,,,2014/04/02,,,,,,,IwSRMmjf1HEC,0,0,,,,,,
,Masha Greenbaum,"Greenbaum, Masha",The Jews of Lithuania,"a history of a remarkable community, 1316-1945",History,0,,,,,Gefen Publishing House Ltd,Unread,,,,,,,,9789652291325,,2014/03/02,,,,,,,E2_ag8xGWMQC,0,0,,,,,,
,Gary Jennings,"Jennings, Gary",The Journeyer,,Fiction,0,,,,,Macmillan,Unread,,,,,,,,9781429999946,,2014/03/09,,,,,,,PVOiisaqT8UC,0,0,,,,,,
,Rick Barba,"Barba, Rick","The Journeyman project 3, legacy of time",Prima's official strategy guide,"Journeyman project 3, legacy of time",0,,,,,Prima Games,Unread,,,,,,,,9780761511236,,2014/04/01,,,,,,,z6awFzg_P1UC,0,0,,,,,,
,Sepharial,Sepharial,The kabala of numbers,a handbook of interpretation,Numerology,0,,,,,Newcastle Pub. Co.,Unread,,,,,,,,9780878770274,,2014/03/03,,,,,,,22oudVR2LwMC,0,0,,,,,,
,"Eino Friberg, George C. Schoolfield, Björn Landström","Friberg, Eino",The Kalevala,,Fiction,0,,,,,University of Illinois Press,Unread,,,,,,,,9789511101376,,2014/04/01,,,,,,,KXW9I3kmQp0C,0,0,,,,,,
,"Pekka Ervast, John Major Jenkins","Ervast, Pekka",The key to the Kalevala,,Kalevala,0,,,,,Blue Dolphin Pub.,Unread,,,,,,,,9781577330219,,2014/04/01,,,,,,,Q4_nAAAAMAAJ,0,0,,,,,,
,Steven Millhauser,"Millhauser, Steven",The king in the tree,three novellas,Don Juan (Legendary character)/ Fiction,0,,,,,Alfred A. Knopf,Unread,,,,,,,,9780375415401,,2014/03/26,,,,,,,xAJbAAAAMAAJ,0,0,,,,,,
,Robert William Chambers,"Chambers, Robert William",The King in Yellow,,,0,,,,,Harper & Bros.,Unread,,,,,,,,,,2014/03/02,,,,,,,qHgKEqjdy-wC,0,0,,,,,,
,Alison Weir,"Weir, Alison",The Lady Elizabeth,,Fiction,0,,,,,Random House LLC,Unread,,,,,,,,9780345495365,,2014/04/01,,,,,,,KQAPjw2D4OUC,0,0,,,,,,
,Mary Austin,"Austin, Mary",The Land of Little Rain,,Nature,0,,,,,Penguin,Unread,,,,,,,,9780140249194,,2014/03/02,,,,,,,7q_-opv03SgC,0,0,,,,,,
,David Javerbaum,"Javerbaum, David",The Last Testament,A Memoir,Humor,0,,,,,Simon & Schuster,Unread,,,,,,,,9781451640182,,2014/04/01,,,,,,,n1EUngEACAAJ,0,0,,,,,,
,Aryeh Kaplan,"Kaplan, Aryeh","The Living Torah English Edition With Haftarot, Bibliography, & Index",,,0,,,,,Moznaim Publishing Corporation,Unread,,,,,,,,9780940118355,,2014/03/03,,,,,,,92sdAAAACAAJ,0,0,,,,,,
,"David Damrosch, Christopher Baswell, Anne Howland Schotter","Damrosch, David",The Longman anthology of British literature,,Literary Criticism,0,,,,,Longman,Unread,,,,,,,,9780321106674,,2014/03/02,,,,,,,3Wfr_IpGCqgC,0,0,,,,,,
,John Freely,"Freely, John",The lost Messiah,in search of Sabbatai Sevi,Biography & Autobiography,0,,,,,Viking,Unread,,,,,,,,9781585675548,,2014/03/03,,,,,,,BdOOAAAAMAAJ,0,0,,,,,,
,William Stuart Baring-Gould,"Baring-Gould, William Stuart",The Lure of the Limerick,An Uninhibited History,,0,,,,,Wordsworth Editions,Unread,,,,,,,,9781853269370,,2014/04/01,,,,,,,sIKnAAAACAAJ,0,0,,,,,,
,Kate DiCamillo,"DiCamillo, Kate",The Magician's Elephant,,Juvenile Fiction,0,,,,,Candlewick Press,Unread,,,,,,,,9780763652982,,2014/03/03,,,,,,,Gf0Bb0ZBza4C,0,0,,,,,,
,Ray Bradbury,"Bradbury, Ray",The Martian Chronicles,,Mars (Planet),0,,,,,Dramatic Publishing,Unread,,,,,,,,9780871292117,,2014/03/03,,,,,,,RyVr6RMWrioC,0,0,,,,,,
,Marshall Thomas Savage,"Savage, Marshall Thomas",The Millennial Project,Colonizing the Galaxy in Eight Easy Steps,Technology & Engineering,0,,,,,"Little, Brown",Unread,,,,,,,,9780316771634,,2014/04/01,,,,,,,s0llngEACAAJ,0,0,,,,,,
,Elizabeth Loftus,"Loftus, Elizabeth",The Myth of Repressed Memory,False Memories and Allegations of Sexual Abuse,Psychology,0,,,,,Macmillan,Unread,,,,,,,,9780312141233,,2014/03/02,,,,,,,xq1vfWIiV1IC,0,0,,,,,,
,Frederick Phillips Brooks,"Brooks, Frederick Phillips",The Mythical Man-month,Essays on Software Engineering,Computers,0,,,,,Addison-Wesley,Unread,,,,,,,,9780201835953,,2014/03/03,,,,,,,fUYPAQAAMAAJ,0,0,,,,,,
,Simon,Simon,The Necronomicon,,"Body, Mind & Spirit",0,,,,,HarperCollins,Unread,,,,,,,,9780380751921,,2014/04/01,,,,,,,2fwrK9EjMk0C,0,0,,,,,,
,Robert M. Price,"Price, Robert M.",The New Lovecraft Circle,,Fiction,0,,,,,Random House Publishing Group,Unread,,,,,,,,9780345444066,,2014/04/01,,,,,,,9AC6y3gof0YC,0,0,,,,,,
,James Strong,"Strong, James",The New Strong's Exhaustive Concordance of the Bible,,Religion,0,,,,,Thomas Nelson Incorporated,Unread,,,,,,,,9780785250555,,2014/03/03,,,,,,,OW4JAAAACAAJ,0,0,,,,,,
,D. G. Mowatt,"Mowatt, D. G.",The Nibelungenlied,,Fiction,0,,,,,"Dover Publications, Incorporated",Unread,,,,,,,,9780486414140,,2014/04/01,,,,,,,1tR_PwAACAAJ,0,0,,,,,,
,Albert H. Morehead,"Morehead, Albert H.",The Official Rules of Card Games,,Games,0,,,,,Random House LLC,Unread,,,,,,,,9780449911587,,2014/03/09,,,,,,,QG0hLRXxiL0C,0,0,,,,,,
,"Thomas Pyles, John Algeo","Pyles, Thomas",The origins and development of the English language,,Language Arts & Disciplines,0,,,,,Harcourt Brace Jovanovich,Unread,,,,,,,,9780155676084,,2014/04/01,,,,,,,2b9ZAAAAMAAJ,0,0,,,,,,
,Alexander Levy,"Levy, Alexander",The orphaned adult,understanding and coping with grief and change after the death of our parents,Family & Relationships,0,,,,,Perseus Books,Unread,,,,,,,,9780738203614,,2014/04/01,,,,,,,3rRaAAAAYAAJ,0,0,,,,,,
,Willis Barnstone,"Barnstone, Willis",The Other Bible,,Religion,0,,,,,HarperCollins,Unread,,,,,,,,9780060815981,,2014/03/03,,,,,,,J9aKaGTOQDAC,0,0,,,,,,
,Elizabeth Jewell,"Jewell, Elizabeth",The Oxford Desk Dictionary and Thesaurus,,Americanisms,0,,,,,"Oxford University Press, Incorporated",Unread,,,,,,,,9781411405080,,2014/03/02,,,,,,,ioKSLAAACAAJ,0,0,,,,,,
,T. Carmi,"Carmi, T.",The Penguin Book of Hebrew Verse,,Literary Criticism,0,,,,,Penguin Adult,Unread,,,,,,,,9780140424676,,2014/04/02,,,,,,,mbocTAo-MTgC,0,0,,,,,,
,Pamela Odijk,"Odijk, Pamela",The Phoenicians,,,0,,,,,Rcl Benziger,Unread,,,,,,,,9780382242663,,2014/04/01,,,,,,,PN3TAAAACAAJ,0,0,,,,,,
,Gene H. Bell-Villada,"Bell-Villada, Gene H.",The pianist who liked Ayn Rand,a novella and 13 stories,20th century,0,,,,,Amador Publishers,Unread,,,,,,,,9780938513247,,2014/03/26,,,,,,,Vz5aAAAAMAAJ,0,0,,,,,,
,Russell Kirk,"Kirk, Russell",The Portable Conservative Reader,,History,0,,,,,Penguin Books,Unread,,,,,,,,9780140150957,,2014/03/26,,,,,,,LsAMngEACAAJ,0,0,,,,,,
,Charles Fielding,"Fielding, Charles",The Practical Qabalah,,Religion,0,,,,,Red Wheel/Weiser,Unread,,,,,,,,9780877286547,,2014/03/02,,,,,,,Jm2MmwEACAAJ,0,0,,,,,,
,Brian W. Kernighan,"Kernighan, Brian W.",The Practice of Programming,,Computers,0,,,,,Addison-Wesley Professional,Unread,,,,,,,,9780201615869,,2014/03/09,,,,,,,to6M9_dbjosC,0,0,,,,,,
,Leon Sterling,"Sterling, Leon",The Practice of Prolog,,,0,,,,,,Unread,,,,,,,,,,2014/03/02,,,,,,,DaziVk05wk0C,0,0,,,,,,
,Niccolò Machiavelli,"Machiavelli, Niccolò",The prince,,Political ethics,0,,,,,Grant Richards,Unread,,,,,,,,,,2014/03/02,,,,,,,kWBAAAAAYAAJ,0,0,,,,,,
,Niccoláo Machiavelli,"Machiavelli, Niccoláo",The prince,,Political Science,0,,,,,Northwestern University Press,Unread,,,,,,,,9780140441079,,2014/04/01,,,,,,,IcMjAQAAIAAJ,0,0,,,,,,
,Abraham Joshua Heschel,"Heschel, Abraham Joshua",The Sabbath,Its Meaning for the Modern Man,Religion,0,,,,,SHAMBHALA PUB Incorporated,Unread,,,,,,,,9781590300824,,2014/03/03,,,,,,,kYagPwAACAAJ,0,0,,,,,,
,Magus Incognito,"Incognito, Magus",The Secret Doctrine of the Rosicrucians,Illustrated with the Secret Rosicrucian Symbols,Rosicrucians,0,,,,,Advanced Thought Publishing Company,Unread,,,,,,,,,,2014/03/03,,,,,,,xEY4AQAAMAAJ,0,0,,,,,,
,Paul West,"West, Paul",The Secret Lives of Words,,Language Arts & Disciplines,0,,,,,Houghton Mifflin Harcourt Trade & Reference Publishers,Unread,,,,,,,,9780156014090,,2014/03/26,,,,,,,K2tDPgAACAAJ,0,0,,,,,,
,Patwant Singh,"Singh, Patwant",The Sikhs,,Religion,0,,,,,Random House LLC,Unread,,,,,,,,9780385502061,,2014/03/26,,,,,,,5i3FJTOvDXEC,0,0,,,,,,
,John Gray,"Gray, John",The Silence of Animals,On Progress and Other Modern Myths,Philosophy,0,,,,,Macmillan,Unread,,,,,,,,9780374229177,,2014/03/02,,,,,,,Osy2f8mIg6EC,0,0,,,,,,
,Sidney Sheldon,"Sheldon, Sidney",The Sky Is Falling,,Fiction,0,,,,,HarperCollins,Unread,,,,,,,,9780061752223,,2014/03/09,,,,,,,V6sLiAGfbu0C,0,0,,,,,,
,Robert Service,"Service, Robert",The Spell of the Yukon,,Poetry,0,,,,,Putnam,Unread,,,,,,,,9780399150111,,2014/03/03,,,,,,,kr6j5hEyuVoC,0,0,,,,,,
,"Emden R. Gansner, John H. Reppy","Gansner, Emden R.",The Standard ML Basis Library,,Computers,0,,,,,Cambridge University Press,Unread,,,,,,,,9780521794787,,2014/03/02,,,,,,,MQHskQEACAAJ,0,0,,,,,,
,Mario Pei,"Pei, Mario",The story of language,,Language Arts & Disciplines,0,,,,,New American Library,Unread,,,,,,,,9780452255272,,2014/04/01,,,,,,,R6Q4gCP3fSQC,0,0,,,,,,
,Ozcan Ozan,"Ozan, Ozcan",The Sultan's Kitchen,A Turkish Cookbook,Cooking,0,,,,,Periplus Editions (HK) Limited,Unread,,,,,,,,9789625939445,,2014/04/01,,,,,,,7W3jngEACAAJ,0,0,,,,,,
,"Arthur Szyk, Irvin Ungar, Byron Sherwin","Szyk, Arthur",The Szyk Haggadah,Freedom Illuminated,Religion,0,,,,,Harry N. Abrams,Unread,,,,,,,,9780810997530,,2014/03/03,,,,,,,BZCCcAAACAAJ,0,0,,,,,,
,Ian Spector,"Spector, Ian",The Truth About Chuck Norris,400 Facts about the World's Greatest Human,Humor,0,,,,,Penguin,Unread,,,,,,,,9781592403448,,2014/03/26,,,,,,,QACmPe7tyPYC,0,0,,,,,,
,W. J. King (professor.),"(professor.), W. J. King",The Unwritten Laws of Business,,Business & Economics,0,,,,,Currency/Doubleday,Unread,,,,,,,,9780385521260,,2014/03/02,,,,,,,TwMbmAEACAAJ,0,0,,,,,,
,William James,"James, William",The Varieties of Religious Experience,,,0,,,,,Forgotten Books,Unread,,,,,,,,9781451005264,,2014/03/03,,,,,,,ecZmmSYkkmUC,0,0,,,,,,
,Jacob Neusner,"Neusner, Jacob",The way of Torah,an introduction to Judaism,Religion,0,,,,,Wadsworth Pub. Co.,Unread,,,,,,,,9780534515683,,2014/04/02,,,,,,,9vgRAQAAIAAJ,0,0,,,,,,
,"Dorling Kindersley, Inc.","Inc., Dorling Kindersley,",The Way Things Work,,Reference,0,,,,,"Dorling Kindersley Publishing, Incorporated",Unread,,,,,,,,9780789400901,,2014/03/03,,,,,,,yQ-MAAAACAAJ,0,0,,,,,,
,Robert Alter,"Alter, Robert","The Wisdom Books: Job, Proverbs, and Ecclesiastes: A Translation with Commentary",,Religion,0,,,,,W. W. Norton & Company,Unread,,,,,,,,9780393080735,,2014/03/03,,,,,,,TujOn209Ts8C,0,0,,,,,,
,Michael L. Munk,"Munk, Michael L.",The Wisdom Of The Hebrew Alphabet,The Sacred Letters as a Guide to Jewish Deed and Thought,Religion,0,,,,,Mesorah Publications,Unread,,,,,,,,9780899061931,,2014/03/03,,,,,,,2jdXCGxQOysC,0,0,,,,,,
,Scott Kenemore,"Kenemore, Scott",The Zen of Zombie,Better Living Through the Undead,Humor,0,,,,,Skyhorse Publishing Inc.,Unread,,,,,,,,9781602391871,,2014/04/01,,,,,,,q-r8tOLNxk0C,0,0,,,,,,
,Jiddu Krishnamurti,"Krishnamurti, Jiddu",Think on These Things,,Philosophy,0,,,,,HarperCollins,Unread,,,,,,,,9780060916091,,2014/03/03,,,,,,,QzzbmAEACAAJ,0,0,,,,,,
,Michael Michalko,"Michalko, Michael",Thinkertoys,a handbook of business creativity for the '90s,Creative ability in business,0,,,,,Ten Speed Press,Unread,,,,,,,,9780898154085,,2014/03/02,,,,,,,Kz8K4UYXAHwC,0,0,,,,,,
,Leo Brodie,"Brodie, Leo",Thinking Forth,,,0,,,,,,Unread,,,,,,,,,,2014/03/02,,,,,,,1AlWbXItiCYC,0,0,,,,,,
,Chris Stevens,"Stevens, Chris",Thirty Days Has September,Cool Ways to Remember Stuff,Juvenile Nonfiction,0,,,,,"Scholastic, Incorporated",Unread,,,,,,,,9780545107402,,2014/04/01,,,,,,,g9dYNQAACAAJ,0,0,,,,,,
,Herman Wouk,"Wouk, Herman",This Is My God,,Fiction,0,,,,,"Hachette Digital, Inc.",Unread,,,,,,,,9780316055529,,2014/04/02,,,,,,,NWsQ1UyUYkIC,0,0,,,,,,
,Alan Lew,"Lew, Alan",This Is Real and You Are Completely Unprepared,The Days of Awe as a Journey of Transformation,Religion,0,,,,,"Little, Brown",Unread,,,,,,,,9780316739085,,2014/03/03,,,,,,,bNiflwEACAAJ,0,0,,,,,,
,Jiddu Krishnamurti,"Krishnamurti, Jiddu",This Light in Oneself,,Religion,0,,,,,Shambhala,Unread,,,,,,,,9781570624421,,2014/03/03,,,,,,,e-nXuoz2wK4C,0,0,,,,,,
,Harry Kemelman,"Kemelman, Harry",Three Days with the Rabbi,,"Small, David (Fictitious character)",0,,,,,Nelson Doubleday,Unread,,,,,,,,,,2014/03/03,,,,,,,4tiwAAAAIAAJ,0,0,,,,,,
,C. C. Edwards,"Edwards, C. C.",TI-83 Plus Graphing Calculator For Dummies,,Computers,0,,,,,Wiley,Unread,,,,,,,,9780764549700,,2014/04/01,,,,,,,nUYMnwEACAAJ,0,0,,,,,,
,"McCalla, Steve Ouellette",McCalla,TI-Nspire For Dummies,,Computers,0,,,,,John Wiley & Sons,Unread,,,,,,,,9781118075692,,2014/03/09,,,,,,,KUG6tY2Nv4cC,0,0,,,,,,
,"Donin, Hayim Halevy Donin",Donin,To Be a Jew,A Guide to Jewish Observance in Contemporary Life,Religion,0,,,,,Basic Books,Unread,,,,,,,,9780465086320,,2014/03/03,,,,,,,Ak6-iopHKaMC,0,0,,,,,,
,"Steve Wall, Leon Shenandoah","Wall, Steve",To Become a Human Being,The Message of Tadodaho Chief Leon Shenandoah,"Body, Mind & Spirit",0,,,,,"Hampton Roads Publishing Company, Incorporated",Unread,,,,,,,,9781571743411,,2014/03/03,,,,,,,37HMAAAACAAJ,0,0,,,,,,
,Hayim Donin,"Donin, Hayim",To pray as a Jew,a guide to the prayer book and the synagogue service,Religion,0,,,,,Basic Books,Unread,,,,,,,,9780465086283,,2014/03/03,,,,,,,u9AlAQAAIAAJ,0,0,,,,,,
,בדז׳יך פריטה,"פריטה, בדז׳יך",Tomi,"לתומי ליום ההולדת השלישי בטרזיינשטאט, 22 בינואר 4491",Jewish children in the Holocaust,0,,,,,יד ושם,Unread,,,,,,,,9789653080737,,2014/04/01,,,,,,,_mEiPAAACAAJ,0,0,,,,,,
,Allan M. Stavely,"Stavely, Allan M.",Toward zero-defect programming,,Computers,0,,,,,Addison-Wesley,Unread,,,,,,,,9780201385953,,2014/03/02,,,,,,,c7BQAAAAMAAJ,0,0,,,,,,
,Neil Gillman,"Gillman, Neil",Traces of God,"Seeing God in Torah, History and Everyday Life",Religion,0,,,,,Jewish Lights Publishing,Unread,,,,,,,,9781580232494,,2014/03/03,,,,,,,BVlTy2XEeZMC,0,0,,,,,,
,Ian Frazier,"Frazier, Ian",Travels in Siberia,,Travel,0,,,,,"Farrar, Straus and Giroux",Unread,,,,,,,,9780374278724,,2014/03/26,,,,,,,wRqpmAEACAAJ,0,0,,,,,,
,Benjamin C. Pierce,"Pierce, Benjamin C.",Types and Programming Languages,,Computers,0,,,,,MIT Press,Unread,,,,,,,,9780262162098,,2014/03/02,,,,,,,ti6zoAC9Ph8C,0,0,,,,,,
,Timothy Samara,"Samara, Timothy",Typography Workbook,A Real-World Guide to Using Type in Graphic Design,Art,0,,,,,Rockport Publishers,Unread,,,,,,,,9781592533015,,2014/04/01,,,,,,,PBa8HAyePFkC,0,0,,,,,,
,Martin Fowler,"Fowler, Martin",UML Distilled,A Brief Guide to the Standard Object Modeling Language,Computers,0,,,,,Addison-Wesley Professional,Unread,,,,,,,,9780321193681,,2014/03/02,,,,,,,nHZslSr1gJAC,0,0,,,,,,
,"Martin Haspelmath, Andrea D. Sims","Haspelmath, Martin",Understanding Morphology,,Language Arts & Disciplines,0,,,,,Hodder Education,Unread,,,,,,,,9780340950012,,2014/03/02,,,,,,,GJKHPwAACAAJ,0,0,,,,,,
,H. C. Tijms,"Tijms, H. C.",Understanding Probability,Chance Rules in Everyday Life,Mathematics,0,,,,,Cambridge University Press,Unread,,,,,,,,9780521540360,,2014/03/02,,,,,,,y2361S44XLsC,0,0,,,,,,
,"Dale Dougherty, Tim O'Reilly, Stephen G. Kochan, Patrick H. Wood, O'Reilly & Associates","Dougherty, Dale",UNIX text processing,,Computers,0,,,,,Hayden Books,Unread,,,,,,,,9780672462917,,2014/03/02,,,,,,,H148AQAAIAAJ,0,0,,,,,,
,Eric Sink,"Sink, Eric",Version Control by Example,,,0,,,,,Pyrenean Gold Press,Unread,,,,,,,,9780983507901,,2014/03/02,,,,,,,3UWPZwEACAAJ,0,0,,,,,,
,Diana Gabaldon,"Gabaldon, Diana",Voyager,,Fiction,0,,,,,Delacorte Press,Unread,,,,,,,,9780385302326,,2014/04/01,,,,,,,CEXBQgAACAAJ,0,0,,,,,,
,Henry David Thoreau,"Thoreau, Henry David","Walden, Or, Life in the Woods",,Literary Collections,0,,,,,Dover Publications,Unread,,,,,,,,9780486284958,,2014/03/09,,,,,,,NvJlAAAAMAAJ,0,0,,,,,,
,Chaim Potok,"Potok, Chaim",Wanderings,Chaim Potok's history of the Jews,History,0,,,,,Fawcett Crest,Unread,,,,,,,,9780449242704,,2014/03/03,,,,,,,9VCfiy7QToAC,0,0,,,,,,
,Stuart Hopen,"Hopen, Stuart",Warp Angel,,Fiction,0,,,,,"Tom Doherty Associates, LLC",Unread,,,,,,,,9780812536539,,2014/03/02,,,,,,,X78zHAAACAAJ,0,0,,,,,,
,Hassan Aït-Kaci,"Aït-Kaci, Hassan",Warren's Abstract Machine,A Tutorial Reconstruction,Computers,0,,,,,MIT Press,Unread,,,,,,,,9780262510585,,2014/03/02,,,,,,,lcCIQgAACAAJ,0,0,,,,,,
,Sara Gruen,"Gruen, Sara",Water for Elephants,A Novel,Fiction,0,,,,,Algonquin Books,Unread,,,,,,,,9781565125605,,2014/03/02,,,,,,,sfC0p0Y9wY8C,0,0,,,,,,
,Richard Nelson Bolles,"Bolles, Richard Nelson",What color is your parachute?,a practical guide for job-hunting and career changes,Applications for positions,0,,,,,Ten Speed,Unread,,,,,,,,9781580085410,,2014/03/26,,,,,,,76YmW6SiKuAC,0,0,,,,,,
,Lyle Daggett,"Daggett, Lyle",What is Buried Here,,American poetry,0,,,,,Red Dragonfly Press,Unread,,,,,,,,9781890193546,,2014/03/26,,,,,,,w5MPNQAACAAJ,0,0,,,,,,
,"Nick Nicholas, John Woldemar Cowan","Nicholas, Nick",What is Lojban?,,Language Arts & Disciplines,0,,,,,Logical Language Group,Unread,,,,,,,,9780966028317,,2014/04/01,,,,,,,G-g-nwEACAAJ,0,0,,,,,,
,Steven Baum,"Baum, Steven",What Matters Most?,Defining Moments of Meaning,Psychology,0,,,,,iUniverse,Unread,,,,,,,,9780595418329,,2014/04/01,,,,,,,E_RgAQAACAAJ,0,0,,,,,,
,Milton Viorst,"Viorst, Milton",What Shall I Do With This People?,Jews and the Fractious Politics of Judaism,Religion,0,,,,,Free Press,Unread,,,,,,,,9780684862897,,2014/03/03,,,,,,,HJrXAAAAMAAJ,0,0,,,,,,
,Tod Benoit,"Benoit, Tod",Where Are They Buried?,"How Did They Die? Fitting Ends and Final Resting Places of the Famous, Infamous, and Noteworthy",Biography & Autobiography,0,,,,,"Black Dog & Leventhal Publishers, Incorporated",Unread,,,,,,,,9781579128227,,2014/03/02,,,,,,,IRk4Y_a3wBoC,0,0,,,,,,
,Paul A. W. Wallace,"Wallace, Paul A. W.",White Roots of Peace,The Iroquois Book of Life,History,0,,,,,Clear Light Publishers,Unread,,,,,,,,9780940666368,,2014/03/02,,,,,,,SY6WPwAACAAJ,0,0,,,,,,
,David J. Wolpe,"Wolpe, David J.",Why Be Jewish?,,Religion,0,,,,,Macmillan,Unread,,,,,,,,9780805039276,,2014/03/03,,,,,,,4ioXXMHI9ZMC,0,0,,,,,,
,Gregory L. Lazarev,"Lazarev, Gregory L.",Why Prolog?,Justifying Logic Programming for Practical Applications,Computers,0,,,,,Prentice Hall PTR,Unread,,,,,,,,9780139590405,,2014/03/02,,,,,,,VBEiAQAAIAAJ,0,0,,,,,,
,"Dennis Prager, Joseph Telushkin","Prager, Dennis",Why the Jews?,The Reason for Antisemitism,,0,,,,,Simon & Schuster,Unread,,,,,,,,9780671556242,,2014/04/02,,,,,,,GVAkngEACAAJ,0,0,,,,,,
,A.A. Milnei,"Milnei, A.A.",Winnie Ille Pu,,,0,,,,,A.A. Milnei,Unread,,,,,,,,9789630824927,,2014/03/09,,,,,,,YYbw4yFeResC,0,0,,,,,,
,Revilo,Revilo,Women of Substance,A Collection of Estrogen-rich Cartoons,"Wit and humor, Pictorial",0,,,,,"Hallmark Cards, Inc.",Unread,,,,,,,,,,2014/03/09,,,,,,,z0FjDmI3xR4C,0,0,,,,,,
,Bunpei Yorifuji,"Yorifuji, Bunpei",Wonderful Life With the Elements,The Periodic Table Personified,Comics & Graphic Novels,0,,,,,"No Starch Press, Incorporated",Unread,,,,,,,,9781593274238,,2014/03/26,,,,,,,VfaUtgAACAAJ,0,0,,,,,,
,"Carl S. Warren, James M. Reeve, Jonathan Duchac","Warren, Carl S.","Working Papers, Chapters 14-26 for Warren/Reeve/duchac's Accounting, 24th",,Business & Economics,0,,,,,Cengage South-Western,Unread,,,,,,,,9780538479073,,2014/03/09,,,,,,,ZdRjewAACAAJ,0,0,,,,,,
,Max Brooks,"Brooks, Max",World War Z,An Oral History of the Zombie War,Fiction,0,,,,,Three Rivers Press,Unread,,,,,,,,9780307346612,,2014/03/03,,,,,,,5MBCDlb9jDkC,0,0,,,,,,
,Kirt Hickman,"Hickman, Kirt",Worlds Asunder,,Fiction,0,,,,,Quillrunner Publishing LLC,Unread,,,,,,,,9780979633027,,2014/03/02,,,,,,,LSvwQQAACAAJ,0,0,,,,,,
,"Barbara Getty, Inga DuBay","Getty, Barbara",Write Now,A Complete Self-Teaching Program for Better Handwriting,Language Arts & Disciplines,0,,,,,"Continuing Education Press, Portland State University",Unread,,,,,,,,9780876780893,,2014/03/02,,,,,,,fJPgAAAAMAAJ,0,0,,,,,,
,Emily Brontë,"Brontë, Emily",Wuthering Heights,,Fiction,0,,,,,Wordsworth Editions,Unread,,,,,,,,9781853260018,,2014/03/02,,,,,,,s4nbaPVkq1wC,0,0,,,,,,
,Emily Brontë,"Brontë, Emily",Wuthering Heights,,Study Aids,0,,,,,Spark Publishing Group,Unread,,,,,,,,9781586633622,,2014/03/26,,,,,,,d0bcngEACAAJ,0,0,,,,,,
,Robert M. Pirsig,"Pirsig, Robert M.",Zen and the Art of Motorcycle Maintenance,,Psychology,0,,,,,HarperCollins,Unread,,,,,,,,9780061907999,,2014/03/09,,,,,,,c9mU-qCKs-UC,0,0,,,,,,
,"Moshe Perla, Shoshana Perla, BatSheva Finci","Perla, Moshe",הרהורים ומסות,,,0,,,,,,Unread,,,,,,,,,,2014/04/02,,,,,,,EuzVygAACAAJ,0,0,,,,,,
,Jules Harlow,"Harlow, Jules",סדור שים שלום,,Religion,0,,,,,Rabbinical Assembly,Unread,,,,,,,,9780916219017,,2014/04/02,,,,,,,uOPXAAAAMAAJ,0,0,,,,,,
,Nusach Ha-Ari Zal,"Zal, Nusach Ha-Ari",סדור תהלת ה׳,על פי נוסח האר״י ז״ל,Religion,0,,,,,המרכז לעניני חנוך,Unread,,,,,,,,9780826602602,,2014/04/02,,,,,,,QPsEAAAACAAJ,0,0,,,,,,
